particle_id,pt
0,0.0
0,0.0
0,0.0
0,0.0
0,0.0
0,0.0
0,0.0
0,0.0
0,0.0
0,0.0
0,0.0
0,0.0
0,0.0
0,0.0
0,0.0
0,0.0
0,0.0
0,0.0
0,0.0
0,0.0
0,0.0
0,0.0
0,0.0
0,0.0
0,0.0
0,0.0
0,0.0
0,0.0
0,0.0
0,0.0
0,0.0
0,0.0
0,0.0
0,0.0
0,0.0
0,0.0
0,0.0
0,0.0
0,0.0
0,0.0
0,0.0
0,0.0
0,0.0
0,0.0
0,0.0
0,0.0
0,0.0
0,0.0
0,0.0
0,0.0
0,0.0
0,0.0
0,0.0
0,0.0
0,0.0
0,0.0
0,0.0
0,0.0
0,0.0
0,0.0
0,0.0
0,0.0
0,0.0
0,0.0
0,0.0
0,0.0
0,0.0
0,0.0
0,0.0
0,0.0
0,0.0
0,0.0
0,0.0
0,0.0
0,0.0
0,0.0
0,0.0
0,0.0
0,0.0
0,0.0
0,0.0
0,0.0
0,0.0
0,0.0
0,0.0
0,0.0
0,0.0
0,0.0
0,0.0
0,0.0
0,0.0
0,0.0
0,0.0
0,0.0
0,0.0
0,0.0
0,0.0
0,0.0
0,0.0
0,0.0
0,0.0
0,0.0
0,0.0
0,0.0
0,0.0
0,0.0
0,0.0
0,0.0
0,0.0
0,0.0
0,0.0
0,0.0
0,0.0
0,0.0
0,0.0
0,0.0
0,0.0
0,0.0
0,0.0
0,0.0
0,0.0
0,0.0
0,0.0
0,0.0
0,0.0
0,0.0
0,0.0
0,0.0
0,0.0
0,0.0
0,0.0
0,0.0
0,0.0
0,0.0
0,0.0
0,0.0
0,0.0
0,0.0
0,0.0
0,0.0
0,0.0
0,0.0
0,0.0
0,0.0
0,0.0
0,0.0
0,0.0
0,0.0
0,0.0
0,0.0
0,0.0
0,0.0
0,0.0
0,0.0
0,0.0
0,0.0
0,0.0
0,0.0
0,0.0
0,0.0
0,0.0
0,0.0
0,0.0
0,0.0
0,0.0
0,0.0
0,0.0
0,0.0
0,0.0
0,0.0
0,0.0
0,0.0
0,0.0
0,0.0
0,0.0
0,0.0
0,0.0
0,0.0
0,0.0
0,0.0
0,0.0
0,0.0
0,0.0
0,0.0
0,0.0
0,0.0
0,0.0
0,0.0
0,0.0
0,0.0
0,0.0
0,0.0
0,0.0
0,0.0
0,0.0
0,0.0
0,0.0
0,0.0
0,0.0
0,0.0
0,0.0
0,0.0
0,0.0
0,0.0
0,0.0
0,0.0
0,0.0
0,0.0
0,0.0
0,0.0
0,0.0
0,0.0
0,0.0
0,0.0
0,0.0
0,0.0
0,0.0
0,0.0
0,0.0
0,0.0
0,0.0
0,0.0
0,0.0
0,0.0
0,0.0
0,0.0
0,0.0
0,0.0
0,0.0
0,0.0
0,0.0
0,0.0
0,0.0
0,0.0
0,0.0
0,0.0
0,0.0
0,0.0
0,0.0
0,0.0
0,0.0
0,0.0
0,0.0
0,0.0
0,0.0
0,0.0
0,0.0
0,0.0
0,0.0
0,0.0
0,0.0
0,0.0
0,0.0
0,0.0
0,0.0
0,0.0
0,0.0
0,0.0
0,0.0
0,0.0
0,0.0
0,0.0
0,0.0
0,0.0
0,0.0
0,0.0
0,0.0
0,0.0
0,0.0
0,0.0
0,0.0
0,0.0
0,0.0
0,0.0
0,0.0
0,0.0
0,0.0
0,0.0
0,0.0
0,0.0
0,0.0
0,0.0
0,0.0
0,0.0
0,0.0
0,0.0
0,0.0
0,0.0
0,0.0
0,0.0
0,0.0
0,0.0
0,0.0
0,0.0
0,0.0
0,0.0
0,0.0
0,0.0
0,0.0
0,0.0
0,0.0
0,0.0
0,0.0
0,0.0
0,0.0
0,0.0
0,0.0
0,0.0
0,0.0
0,0.0
0,0.0
0,0.0
0,0.0
0,0.0
0,0.0
0,0.0
0,0.0
0,0.0
0,0.0
0,0.0
0,0.0
0,0.0
0,0.0
0,0.0
0,0.0
0,0.0
0,0.0
0,0.0
0,0.0
0,0.0
0,0.0
0,0.0
0,0.0
0,0.0
0,0.0
0,0.0
0,0.0
0,0.0
0,0.0
0,0.0
0,0.0
0,0.0
0,0.0
0,0.0
0,0.0
0,0.0
0,0.0
0,0.0
0,0.0
0,0.0
0,0.0
0,0.0
0,0.0
0,0.0
0,0.0
0,0.0
0,0.0
0,0.0
0,0.0
0,0.0
0,0.0
0,0.0
0,0.0
0,0.0
0,0.0
0,0.0
0,0.0
0,0.0
0,0.0
0,0.0
0,0.0
0,0.0
0,0.0
0,0.0
0,0.0
0,0.0
0,0.0
0,0.0
0,0.0
0,0.0
0,0.0
0,0.0
0,0.0
0,0.0
0,0.0
0,0.0
0,0.0
0,0.0
0,0.0
0,0.0
0,0.0
0,0.0
0,0.0
0,0.0
0,0.0
0,0.0
0,0.0
0,0.0
0,0.0
0,0.0
0,0.0
0,0.0
0,0.0
0,0.0
0,0.0
0,0.0
0,0.0
0,0.0
0,0.0
0,0.0
0,0.0
0,0.0
0,0.0
0,0.0
0,0.0
0,0.0
0,0.0
0,0.0
0,0.0
0,0.0
0,0.0
0,0.0
0,0.0
0,0.0
0,0.0
0,0.0
0,0.0
0,0.0
0,0.0
0,0.0
0,0.0
0,0.0
0,0.0
0,0.0
0,0.0
0,0.0
0,0.0
0,0.0
0,0.0
0,0.0
0,0.0
0,0.0
0,0.0
0,0.0
0,0.0
0,0.0
0,0.0
0,0.0
0,0.0
0,0.0
0,0.0
0,0.0
0,0.0
0,0.0
0,0.0
0,0.0
0,0.0
0,0.0
0,0.0
0,0.0
0,0.0
0,0.0
0,0.0
0,0.0
0,0.0
0,0.0
0,0.0
0,0.0
0,0.0
0,0.0
0,0.0
0,0.0
0,0.0
0,0.0
0,0.0
0,0.0
0,0.0
0,0.0
0,0.0
0,0.0
0,0.0
0,0.0
0,0.0
0,0.0
0,0.0
0,0.0
0,0.0
0,0.0
0,0.0
0,0.0
0,0.0
0,0.0
0,0.0
0,0.0
0,0.0
0,0.0
0,0.0
0,0.0
0,0.0
0,0.0
0,0.0
0,0.0
0,0.0
0,0.0
0,0.0
0,0.0
0,0.0
0,0.0
0,0.0
0,0.0
0,0.0
0,0.0
0,0.0
0,0.0
0,0.0
0,0.0
0,0.0
0,0.0
0,0.0
0,0.0
0,0.0
0,0.0
0,0.0
0,0.0
0,0.0
0,0.0
0,0.0
0,0.0
0,0.0
0,0.0
0,0.0
0,0.0
0,0.0
0,0.0
0,0.0
0,0.0
0,0.0
0,0.0
0,0.0
0,0.0
0,0.0
0,0.0
0,0.0
0,0.0
0,0.0
0,0.0
0,0.0
0,0.0
0,0.0
0,0.0
0,0.0
0,0.0
0,0.0
0,0.0
0,0.0
0,0.0
0,0.0
0,0.0
0,0.0
0,0.0
0,0.0
0,0.0
0,0.0
0,0.0
0,0.0
0,0.0
0,0.0
0,0.0
0,0.0
0,0.0
0,0.0
0,0.0
0,0.0
0,0.0
0,0.0
0,0.0
0,0.0
0,0.0
0,0.0
0,0.0
0,0.0
0,0.0
0,0.0
0,0.0
0,0.0
0,0.0
0,0.0
0,0.0
0,0.0
0,0.0
0,0.0
0,0.0
0,0.0
0,0.0
0,0.0
0,0.0
0,0.0
0,0.0
0,0.0
0,0.0
0,0.0
0,0.0
0,0.0
0,0.0
0,0.0
0,0.0
0,0.0
0,0.0
0,0.0
0,0.0
0,0.0
0,0.0
0,0.0
0,0.0
0,0.0
0,0.0
0,0.0
0,0.0
0,0.0
0,0.0
0,0.0
0,0.0
0,0.0
0,0.0
0,0.0
0,0.0
0,0.0
0,0.0
0,0.0
0,0.0
0,0.0
0,0.0
0,0.0
0,0.0
0,0.0
0,0.0
0,0.0
0,0.0
0,0.0
0,0.0
0,0.0
0,0.0
0,0.0
0,0.0
0,0.0
0,0.0
0,0.0
0,0.0
0,0.0
0,0.0
0,0.0
0,0.0
0,0.0
0,0.0
0,0.0
0,0.0
0,0.0
0,0.0
0,0.0
0,0.0
0,0.0
0,0.0
0,0.0
0,0.0
0,0.0
0,0.0
0,0.0
0,0.0
0,0.0
0,0.0
0,0.0
0,0.0
0,0.0
0,0.0
0,0.0
0,0.0
0,0.0
0,0.0
0,0.0
0,0.0
0,0.0
0,0.0
0,0.0
0,0.0
0,0.0
0,0.0
0,0.0
0,0.0
0,0.0
0,0.0
0,0.0
0,0.0
0,0.0
0,0.0
0,0.0
0,0.0
0,0.0
0,0.0
0,0.0
0,0.0
0,0.0
0,0.0
0,0.0
0,0.0
0,0.0
0,0.0
0,0.0
0,0.0
0,0.0
0,0.0
0,0.0
0,0.0
0,0.0
0,0.0
0,0.0
0,0.0
0,0.0
0,0.0
0,0.0
0,0.0
0,0.0
0,0.0
0,0.0
0,0.0
0,0.0
0,0.0
0,0.0
0,0.0
0,0.0
0,0.0
0,0.0
0,0.0
0,0.0
0,0.0
0,0.0
0,0.0
0,0.0
0,0.0
0,0.0
0,0.0
0,0.0
0,0.0
0,0.0
0,0.0
0,0.0
0,0.0
0,0.0
0,0.0
0,0.0
0,0.0
0,0.0
0,0.0
0,0.0
0,0.0
0,0.0
0,0.0
0,0.0
0,0.0
0,0.0
0,0.0
0,0.0
0,0.0
0,0.0
0,0.0
0,0.0
0,0.0
0,0.0
0,0.0
0,0.0
0,0.0
0,0.0
0,0.0
0,0.0
0,0.0
0,0.0
0,0.0
0,0.0
0,0.0
0,0.0
0,0.0
0,0.0
0,0.0
0,0.0
0,0.0
0,0.0
0,0.0
0,0.0
0,0.0
0,0.0
0,0.0
0,0.0
0,0.0
0,0.0
0,0.0
0,0.0
0,0.0
0,0.0
0,0.0
0,0.0
0,0.0
0,0.0
0,0.0
0,0.0
0,0.0
0,0.0
0,0.0
0,0.0
0,0.0
0,0.0
0,0.0
0,0.0
0,0.0
0,0.0
0,0.0
0,0.0
0,0.0
0,0.0
0,0.0
0,0.0
0,0.0
0,0.0
0,0.0
0,0.0
0,0.0
0,0.0
0,0.0
0,0.0
0,0.0
0,0.0
0,0.0
0,0.0
0,0.0
0,0.0
0,0.0
0,0.0
0,0.0
0,0.0
873701901122666496,0.29515126202677844
873701901122666496,0.29515126202677844
0,0.0
0,0.0
0,0.0
0,0.0
0,0.0
0,0.0
0,0.0
0,0.0
0,0.0
0,0.0
0,0.0
0,0.0
797159948927643650,0.1909878892590051
0,0.0
0,0.0
0,0.0
0,0.0
0,0.0
0,0.0
0,0.0
0,0.0
0,0.0
797159948927643650,0.1909878892590051
229686329774964736,0.229738497366027
0,0.0
797159948927643650,0.1909878892590051
954770199108648960,0.3919544724645963
0,0.0
0,0.0
0,0.0
0,0.0
0,0.0
0,0.0
0,0.0
540438071317889024,0.23558127971602497
18023125883027456,0.29651941512319224
454866723460349952,0.29824693642852396
0,0.0
0,0.0
0,0.0
0,0.0
860200997845204992,0.3509975674673544
396318004159184896,0.16072257691718392
0,0.0
346778476977586176,0.7327458540784519
139613718752264192,0.48491637827027456
734087976211972096,0.22093134887027688
950262338873720832,0.18837089967922327
963771419768913920,0.4229776208136312
27029981540384768,0.7129513912525876
0,0.0
0,0.0
837681625318817792,0.42934114641156856
752105260939476992,0.20540699026079906
860190621204217856,0.4032725438968044
0,0.0
364793631401312256,0.35065789203387393
860195156689682432,1.0603620733151293
0,0.0
0,0.0
0,0.0
364807993771950080,0.24351294652440966
0,0.0
0,0.0
734094504562262016,1.8162345352748364
950265431250173952,0.20132159326163104
445856431829155840,2.964831796217283
225181080880152576,0.506622572416587
157628254700699648,0.4791714051620777
117095720615411712,0.5755863641903011
734095604073889792,2.637864754019811
49542825716482048,0.46318981868776005
950265431250173952,0.20132159326163104
445863372496306176,0.4561207236130036
864715730027806720,0.9206806983748492
157628460859129856,0.4108901358879281
680046155073060864,0.19360252785890994
666535424910426112,0.4683601416897151
963771488488390656,0.27220189396108174
680046155073060864,0.19360252785890994
180144122533773312,0.6513775969290009
9010085472763904,0.4200684260569937
153126785377107968,0.32690362927474514
157628460859129856,0.4108901358879281
680046429950967808,0.47921741976059257
734095604073889792,2.637864754019811
229686329774964736,0.229738497366027
225189602095267840,1.0072742355734112
950266805639708672,0.38630656520437234
562959024392241152,0.2610551729366802
180144122533773312,0.6513775969290009
369299430051938304,0.666639888009261
0,0.0
801650010801307648,0.28604106752704234
153133107568967680,0.19836519017380544
22532360507490304,0.32448716762916835
747598431496699904,0.9493103399942507
346778545697062912,0.28504558196613045
0,0.0
364792531889684480,0.2504472499662157
495398432911917056,0.5611547771749356
923240534951067648,0.5193513614864315
153133107568967680,0.19836519017380544
0,0.0
445863647374213120,0.347077679151224
180152231432028160,0.5839118634831459
558450408243068928,0.1923339445622899
382809060702945280,0.3914324409882247
306244843380670464,0.28779423694028344
58547207472676864,0.28948004273103184
684548998786187264,0.712179475375414
662030863210381312,0.7373414834342362
954768206243823616,0.3781407116143936
166636484747591680,1.6334199055490906
202663014023823360,0.46912843639242335
0,0.0
445863647374213120,0.347077679151224
117103417196806144,0.8917538407273613
139621071736274944,0.1695949664642203
0,0.0
797139264348356608,1.5482178372890554
468377659781414912,0.4905087471697115
684551816284733440,0.2183115723753553
711569222160875520,0.5361605114067988
810648894999363584,0.4230506982301294
571958252187680768,0.5036441728542086
0,0.0
90081200957292544,0.3728979297032903
571961482003087360,0.2685300877685776
63060702704697344,0.6580762053096586
90076596752351232,0.991910349596177
711569222160875520,0.5361605114067988
662029901137707008,0.7418777917858169
117111045058723840,1.7944146276992394
0,0.0
0,0.0
851189400543952896,0.4393900394979386
671046652399714304,0.23390024368375162
0,0.0
747598362777223168,1.2517251771998517
936750784077365248,1.1241977021329477
454877031381860352,0.4960676512089858
801641764464099328,1.0932912268485464
558450820559929344,0.6137247277306334
648531746639314944,0.29368973512119895
117100049942446080,0.23110281203395167
968274881957330944,1.3227066294159866
734087976211972096,0.22093134887027688
63060702704697344,0.6580762053096586
0,0.0
662035329976369152,0.4246108142063742
589972650697162752,0.3477667210789439
432346182702858240,0.9995922086421042
0,0.0
454866654740873216,0.31353854579620666
585469738264559616,0.4754471247078901
941254796021596160,0.2211796820076383
63060565265743872,1.901719130392288
558450889279406080,1.7908969685886456
459369292295569408,0.5002114610052433
495402143763660800,0.202592761930529
63064963312254976,0.4748305139415537
63060565265743872,1.901719130392288
229701448059846656,0.16053379001319315
220679336678653952,0.753956997379824
216179241744596992,0.26209565249542005
585476747651186688,0.2891982307708676
666534325398798336,0.17242480805568552
549439979172921344,0.46344993338763146
558457074032312320,0.3067539557830673
0,0.0
495401937605230592,0.421886938840066
337775607049879552,0.3338418955985602
864727274899898368,0.23217996103720925
797139126909403136,0.48055208090035784
4531774612832256,0.209289563940035
571962100478377984,0.3207132976179815
495402143763660800,0.202592761930529
747604135213268992,0.5670744950766258
445867426945433600,0.30757259275982307
445874711209967616,0.31336191752906095
689055484631580672,0.16085154756656836
495401937605230592,0.421886938840066
680052202387013632,0.20574498904714544
423338777289687040,0.4446907273987619
860195156689682432,1.0603620733151293
639540009266839552,0.535770399134592
680052202387013632,0.20574498904714544
941259400226537472,0.45460362631637685
495406198212788224,0.22338349443278033
468376628989263872,1.132517786760985
734095672793366528,0.16823790734980032
0,0.0
968287801218957312,0.6865345145365963
22528718375223296,0.20231221458006435
180153605821562880,0.2853805835809437
0,0.0
391814885568151552,0.4598569778202784
445857325182353408,1.1091820224760227
675543311359934464,2.137727542040847
702562229064564736,0.32322041780339306
734091274746855424,0.6670249773149428
639539940547362816,0.37505786674192026
364807993771950080,0.24351294652440966
4504080663707648,0.6408647145763292
936751471272132608,0.34892178315777306
468376628989263872,1.132517786760985
963771076171530240,0.40529194410449365
324261578352361472,0.3633114133770092
693558603222614016,0.25470281914499887
734091206027378688,0.4039910189261637
693556610357788672,0.31898507683745964
702562229064564736,0.32322041780339306
837676814955446272,2.4233739920905726
58547138753200128,0.2320007370444327
4515488096845824,0.5272916792072107
878203095568351232,0.22348930540685832
94575729613733888,0.4473319725602452
0,0.0
0,0.0
0,0.0
0,0.0
0,0.0
0,0.0
0,0.0
0,0.0
0,0.0
0,0.0
0,0.0
0,0.0
0,0.0
0,0.0
571958733240799233,0.3089716824954028
0,0.0
0,0.0
0,0.0
0,0.0
0,0.0
0,0.0
0,0.0
0,0.0
0,0.0
0,0.0
0,0.0
0,0.0
0,0.0
0,0.0
0,0.0
0,0.0
0,0.0
0,0.0
0,0.0
0,0.0
0,0.0
0,0.0
0,0.0
0,0.0
0,0.0
0,0.0
0,0.0
0,0.0
0,0.0
0,0.0
0,0.0
0,0.0
0,0.0
0,0.0
0,0.0
0,0.0
0,0.0
0,0.0
0,0.0
0,0.0
0,0.0
0,0.0
0,0.0
0,0.0
0,0.0
0,0.0
0,0.0
0,0.0
0,0.0
0,0.0
0,0.0
0,0.0
0,0.0
0,0.0
0,0.0
0,0.0
0,0.0
0,0.0
0,0.0
0,0.0
0,0.0
0,0.0
0,0.0
0,0.0
0,0.0
0,0.0
0,0.0
0,0.0
0,0.0
0,0.0
0,0.0
0,0.0
0,0.0
0,0.0
0,0.0
0,0.0
0,0.0
0,0.0
0,0.0
0,0.0
0,0.0
0,0.0
0,0.0
0,0.0
0,0.0
0,0.0
0,0.0
0,0.0
0,0.0
0,0.0
0,0.0
0,0.0
0,0.0
0,0.0
0,0.0
0,0.0
0,0.0
0,0.0
0,0.0
0,0.0
0,0.0
0,0.0
0,0.0
0,0.0
0,0.0
0,0.0
0,0.0
0,0.0
0,0.0
0,0.0
0,0.0
0,0.0
0,0.0
0,0.0
0,0.0
0,0.0
0,0.0
0,0.0
0,0.0
0,0.0
0,0.0
0,0.0
0,0.0
0,0.0
0,0.0
0,0.0
0,0.0
0,0.0
0,0.0
0,0.0
0,0.0
0,0.0
0,0.0
0,0.0
0,0.0
0,0.0
0,0.0
0,0.0
0,0.0
0,0.0
0,0.0
0,0.0
0,0.0
0,0.0
0,0.0
0,0.0
0,0.0
0,0.0
0,0.0
0,0.0
0,0.0
0,0.0
0,0.0
0,0.0
0,0.0
0,0.0
0,0.0
0,0.0
0,0.0
0,0.0
0,0.0
0,0.0
0,0.0
0,0.0
0,0.0
0,0.0
0,0.0
0,0.0
0,0.0
0,0.0
0,0.0
0,0.0
0,0.0
0,0.0
0,0.0
0,0.0
0,0.0
0,0.0
0,0.0
0,0.0
0,0.0
0,0.0
0,0.0
0,0.0
0,0.0
0,0.0
0,0.0
0,0.0
0,0.0
0,0.0
0,0.0
0,0.0
0,0.0
0,0.0
0,0.0
0,0.0
0,0.0
0,0.0
0,0.0
0,0.0
0,0.0
0,0.0
0,0.0
0,0.0
0,0.0
0,0.0
0,0.0
0,0.0
0,0.0
0,0.0
0,0.0
0,0.0
0,0.0
0,0.0
0,0.0
0,0.0
0,0.0
0,0.0
0,0.0
0,0.0
0,0.0
0,0.0
0,0.0
0,0.0
0,0.0
0,0.0
0,0.0
0,0.0
0,0.0
0,0.0
0,0.0
0,0.0
0,0.0
0,0.0
873701901122666496,0.29515126202677844
0,0.0
0,0.0
0,0.0
0,0.0
0,0.0
0,0.0
0,0.0
0,0.0
0,0.0
0,0.0
0,0.0
0,0.0
0,0.0
0,0.0
0,0.0
0,0.0
0,0.0
0,0.0
0,0.0
0,0.0
0,0.0
0,0.0
0,0.0
0,0.0
0,0.0
0,0.0
0,0.0
0,0.0
0,0.0
0,0.0
0,0.0
0,0.0
0,0.0
0,0.0
0,0.0
0,0.0
0,0.0
0,0.0
0,0.0
0,0.0
0,0.0
0,0.0
0,0.0
0,0.0
0,0.0
0,0.0
0,0.0
0,0.0
0,0.0
0,0.0
0,0.0
0,0.0
0,0.0
0,0.0
0,0.0
0,0.0
0,0.0
0,0.0
0,0.0
0,0.0
0,0.0
0,0.0
0,0.0
0,0.0
0,0.0
0,0.0
0,0.0
0,0.0
0,0.0
0,0.0
0,0.0
0,0.0
0,0.0
0,0.0
0,0.0
0,0.0
0,0.0
0,0.0
0,0.0
0,0.0
0,0.0
0,0.0
0,0.0
0,0.0
0,0.0
0,0.0
0,0.0
0,0.0
0,0.0
0,0.0
0,0.0
0,0.0
0,0.0
0,0.0
0,0.0
0,0.0
0,0.0
0,0.0
0,0.0
0,0.0
0,0.0
0,0.0
0,0.0
0,0.0
0,0.0
0,0.0
0,0.0
0,0.0
0,0.0
0,0.0
0,0.0
0,0.0
0,0.0
0,0.0
0,0.0
0,0.0
0,0.0
0,0.0
0,0.0
0,0.0
0,0.0
0,0.0
571958733240799233,0.3089716824954028
571958733240799233,0.3089716824954028
0,0.0
797159948927643650,0.1909878892590051
0,0.0
0,0.0
0,0.0
0,0.0
0,0.0
0,0.0
0,0.0
0,0.0
0,0.0
0,0.0
0,0.0
0,0.0
0,0.0
0,0.0
0,0.0
0,0.0
0,0.0
0,0.0
0,0.0
0,0.0
0,0.0
0,0.0
0,0.0
0,0.0
0,0.0
0,0.0
0,0.0
0,0.0
0,0.0
0,0.0
0,0.0
0,0.0
0,0.0
0,0.0
0,0.0
0,0.0
0,0.0
0,0.0
0,0.0
0,0.0
0,0.0
0,0.0
0,0.0
0,0.0
0,0.0
0,0.0
0,0.0
0,0.0
0,0.0
0,0.0
0,0.0
0,0.0
0,0.0
0,0.0
0,0.0
0,0.0
0,0.0
0,0.0
0,0.0
0,0.0
0,0.0
0,0.0
0,0.0
0,0.0
0,0.0
0,0.0
0,0.0
0,0.0
0,0.0
0,0.0
0,0.0
0,0.0
0,0.0
0,0.0
0,0.0
0,0.0
0,0.0
0,0.0
0,0.0
0,0.0
0,0.0
0,0.0
0,0.0
0,0.0
0,0.0
0,0.0
0,0.0
0,0.0
0,0.0
0,0.0
0,0.0
0,0.0
0,0.0
0,0.0
0,0.0
0,0.0
0,0.0
0,0.0
0,0.0
0,0.0
0,0.0
0,0.0
0,0.0
0,0.0
0,0.0
0,0.0
0,0.0
0,0.0
0,0.0
0,0.0
0,0.0
0,0.0
0,0.0
0,0.0
0,0.0
0,0.0
0,0.0
0,0.0
0,0.0
0,0.0
0,0.0
0,0.0
0,0.0
0,0.0
0,0.0
0,0.0
0,0.0
0,0.0
0,0.0
0,0.0
0,0.0
0,0.0
0,0.0
0,0.0
0,0.0
0,0.0
0,0.0
0,0.0
0,0.0
0,0.0
0,0.0
0,0.0
0,0.0
0,0.0
0,0.0
0,0.0
0,0.0
0,0.0
0,0.0
0,0.0
0,0.0
0,0.0
0,0.0
0,0.0
0,0.0
0,0.0
0,0.0
0,0.0
0,0.0
0,0.0
0,0.0
0,0.0
0,0.0
0,0.0
0,0.0
0,0.0
0,0.0
0,0.0
0,0.0
0,0.0
0,0.0
0,0.0
0,0.0
0,0.0
0,0.0
0,0.0
0,0.0
0,0.0
0,0.0
0,0.0
0,0.0
0,0.0
0,0.0
0,0.0
0,0.0
0,0.0
0,0.0
0,0.0
0,0.0
0,0.0
0,0.0
0,0.0
0,0.0
0,0.0
0,0.0
0,0.0
0,0.0
0,0.0
0,0.0
0,0.0
0,0.0
0,0.0
0,0.0
0,0.0
0,0.0
0,0.0
0,0.0
0,0.0
0,0.0
0,0.0
0,0.0
0,0.0
0,0.0
0,0.0
0,0.0
0,0.0
0,0.0
0,0.0
0,0.0
0,0.0
0,0.0
0,0.0
0,0.0
0,0.0
0,0.0
0,0.0
0,0.0
0,0.0
0,0.0
0,0.0
0,0.0
0,0.0
0,0.0
0,0.0
0,0.0
0,0.0
0,0.0
0,0.0
0,0.0
0,0.0
0,0.0
0,0.0
0,0.0
0,0.0
0,0.0
0,0.0
0,0.0
0,0.0
0,0.0
0,0.0
0,0.0
0,0.0
0,0.0
0,0.0
0,0.0
0,0.0
0,0.0
0,0.0
0,0.0
0,0.0
0,0.0
0,0.0
0,0.0
0,0.0
0,0.0
0,0.0
0,0.0
0,0.0
0,0.0
0,0.0
0,0.0
0,0.0
0,0.0
0,0.0
0,0.0
0,0.0
0,0.0
0,0.0
0,0.0
0,0.0
0,0.0
0,0.0
0,0.0
0,0.0
0,0.0
0,0.0
0,0.0
0,0.0
0,0.0
0,0.0
0,0.0
0,0.0
0,0.0
0,0.0
0,0.0
0,0.0
0,0.0
0,0.0
0,0.0
0,0.0
0,0.0
0,0.0
0,0.0
0,0.0
0,0.0
0,0.0
0,0.0
0,0.0
0,0.0
0,0.0
0,0.0
0,0.0
0,0.0
0,0.0
0,0.0
0,0.0
0,0.0
0,0.0
0,0.0
0,0.0
0,0.0
0,0.0
0,0.0
0,0.0
0,0.0
0,0.0
0,0.0
0,0.0
0,0.0
0,0.0
0,0.0
0,0.0
0,0.0
0,0.0
0,0.0
0,0.0
0,0.0
0,0.0
0,0.0
0,0.0
0,0.0
0,0.0
0,0.0
0,0.0
0,0.0
0,0.0
0,0.0
0,0.0
0,0.0
0,0.0
0,0.0
0,0.0
0,0.0
0,0.0
0,0.0
0,0.0
0,0.0
0,0.0
0,0.0
0,0.0
0,0.0
0,0.0
0,0.0
0,0.0
0,0.0
0,0.0
0,0.0
0,0.0
0,0.0
0,0.0
0,0.0
0,0.0
0,0.0
0,0.0
0,0.0
0,0.0
0,0.0
0,0.0
0,0.0
0,0.0
0,0.0
0,0.0
0,0.0
0,0.0
0,0.0
0,0.0
0,0.0
0,0.0
0,0.0
0,0.0
0,0.0
0,0.0
0,0.0
0,0.0
0,0.0
873701901122666496,0.29515126202677844
0,0.0
873701901122666496,0.29515126202677844
0,0.0
0,0.0
0,0.0
0,0.0
0,0.0
0,0.0
0,0.0
0,0.0
0,0.0
0,0.0
0,0.0
0,0.0
0,0.0
0,0.0
0,0.0
0,0.0
0,0.0
0,0.0
0,0.0
0,0.0
0,0.0
0,0.0
0,0.0
0,0.0
0,0.0
0,0.0
0,0.0
0,0.0
0,0.0
0,0.0
0,0.0
0,0.0
0,0.0
0,0.0
0,0.0
0,0.0
0,0.0
0,0.0
0,0.0
0,0.0
0,0.0
0,0.0
0,0.0
0,0.0
0,0.0
0,0.0
0,0.0
0,0.0
0,0.0
0,0.0
0,0.0
0,0.0
0,0.0
0,0.0
0,0.0
0,0.0
0,0.0
0,0.0
0,0.0
0,0.0
0,0.0
0,0.0
0,0.0
0,0.0
0,0.0
0,0.0
0,0.0
0,0.0
0,0.0
0,0.0
0,0.0
0,0.0
0,0.0
0,0.0
0,0.0
0,0.0
0,0.0
0,0.0
0,0.0
0,0.0
0,0.0
0,0.0
0,0.0
0,0.0
0,0.0
0,0.0
0,0.0
0,0.0
0,0.0
0,0.0
0,0.0
0,0.0
0,0.0
0,0.0
0,0.0
0,0.0
0,0.0
0,0.0
0,0.0
0,0.0
0,0.0
0,0.0
0,0.0
0,0.0
0,0.0
0,0.0
0,0.0
0,0.0
0,0.0
0,0.0
0,0.0
0,0.0
0,0.0
0,0.0
0,0.0
0,0.0
0,0.0
0,0.0
0,0.0
0,0.0
0,0.0
0,0.0
0,0.0
0,0.0
0,0.0
0,0.0
0,0.0
0,0.0
0,0.0
0,0.0
0,0.0
0,0.0
0,0.0
0,0.0
0,0.0
0,0.0
0,0.0
0,0.0
0,0.0
0,0.0
0,0.0
0,0.0
0,0.0
0,0.0
0,0.0
0,0.0
0,0.0
0,0.0
0,0.0
0,0.0
0,0.0
0,0.0
0,0.0
0,0.0
0,0.0
0,0.0
0,0.0
0,0.0
0,0.0
0,0.0
0,0.0
0,0.0
0,0.0
0,0.0
0,0.0
0,0.0
0,0.0
0,0.0
0,0.0
0,0.0
0,0.0
0,0.0
0,0.0
0,0.0
0,0.0
0,0.0
0,0.0
0,0.0
0,0.0
0,0.0
0,0.0
0,0.0
0,0.0
0,0.0
0,0.0
0,0.0
0,0.0
0,0.0
0,0.0
0,0.0
0,0.0
0,0.0
0,0.0
0,0.0
0,0.0
0,0.0
0,0.0
0,0.0
0,0.0
0,0.0
0,0.0
0,0.0
0,0.0
0,0.0
0,0.0
0,0.0
0,0.0
0,0.0
0,0.0
0,0.0
0,0.0
0,0.0
0,0.0
0,0.0
0,0.0
0,0.0
0,0.0
0,0.0
0,0.0
0,0.0
0,0.0
0,0.0
0,0.0
0,0.0
0,0.0
0,0.0
0,0.0
0,0.0
0,0.0
0,0.0
0,0.0
0,0.0
0,0.0
0,0.0
0,0.0
0,0.0
0,0.0
0,0.0
0,0.0
0,0.0
0,0.0
0,0.0
0,0.0
0,0.0
0,0.0
0,0.0
0,0.0
0,0.0
0,0.0
0,0.0
0,0.0
571958733240799233,0.3089716824954028
0,0.0
0,0.0
0,0.0
0,0.0
0,0.0
0,0.0
0,0.0
0,0.0
0,0.0
0,0.0
0,0.0
0,0.0
0,0.0
0,0.0
0,0.0
0,0.0
0,0.0
0,0.0
0,0.0
0,0.0
0,0.0
0,0.0
0,0.0
0,0.0
0,0.0
0,0.0
0,0.0
0,0.0
0,0.0
0,0.0
0,0.0
0,0.0
0,0.0
0,0.0
0,0.0
0,0.0
0,0.0
0,0.0
0,0.0
0,0.0
0,0.0
0,0.0
0,0.0
0,0.0
0,0.0
0,0.0
0,0.0
0,0.0
0,0.0
0,0.0
0,0.0
0,0.0
0,0.0
0,0.0
0,0.0
0,0.0
0,0.0
0,0.0
0,0.0
0,0.0
0,0.0
0,0.0
0,0.0
0,0.0
0,0.0
0,0.0
0,0.0
0,0.0
0,0.0
0,0.0
0,0.0
0,0.0
0,0.0
0,0.0
0,0.0
0,0.0
0,0.0
0,0.0
0,0.0
0,0.0
0,0.0
0,0.0
0,0.0
0,0.0
0,0.0
0,0.0
0,0.0
0,0.0
0,0.0
0,0.0
0,0.0
0,0.0
0,0.0
0,0.0
0,0.0
0,0.0
0,0.0
0,0.0
0,0.0
0,0.0
0,0.0
0,0.0
0,0.0
0,0.0
0,0.0
0,0.0
0,0.0
0,0.0
0,0.0
0,0.0
0,0.0
0,0.0
0,0.0
0,0.0
0,0.0
0,0.0
0,0.0
0,0.0
0,0.0
0,0.0
0,0.0
0,0.0
0,0.0
0,0.0
0,0.0
0,0.0
0,0.0
0,0.0
0,0.0
0,0.0
0,0.0
0,0.0
0,0.0
0,0.0
0,0.0
0,0.0
0,0.0
0,0.0
0,0.0
0,0.0
0,0.0
0,0.0
0,0.0
0,0.0
0,0.0
0,0.0
0,0.0
0,0.0
0,0.0
0,0.0
0,0.0
0,0.0
0,0.0
0,0.0
0,0.0
0,0.0
0,0.0
0,0.0
0,0.0
0,0.0
0,0.0
0,0.0
0,0.0
0,0.0
0,0.0
0,0.0
0,0.0
0,0.0
0,0.0
0,0.0
0,0.0
0,0.0
0,0.0
0,0.0
0,0.0
0,0.0
0,0.0
0,0.0
0,0.0
0,0.0
0,0.0
0,0.0
0,0.0
0,0.0
0,0.0
0,0.0
0,0.0
0,0.0
0,0.0
0,0.0
0,0.0
0,0.0
0,0.0
0,0.0
0,0.0
0,0.0
0,0.0
0,0.0
0,0.0
0,0.0
0,0.0
0,0.0
0,0.0
0,0.0
0,0.0
0,0.0
0,0.0
0,0.0
0,0.0
0,0.0
0,0.0
0,0.0
0,0.0
0,0.0
0,0.0
0,0.0
0,0.0
0,0.0
0,0.0
0,0.0
0,0.0
0,0.0
0,0.0
0,0.0
0,0.0
0,0.0
0,0.0
0,0.0
0,0.0
0,0.0
0,0.0
0,0.0
0,0.0
0,0.0
0,0.0
0,0.0
0,0.0
0,0.0
0,0.0
0,0.0
0,0.0
0,0.0
0,0.0
0,0.0
0,0.0
0,0.0
0,0.0
0,0.0
0,0.0
0,0.0
0,0.0
0,0.0
0,0.0
0,0.0
0,0.0
0,0.0
0,0.0
0,0.0
0,0.0
0,0.0
0,0.0
0,0.0
0,0.0
0,0.0
0,0.0
0,0.0
0,0.0
0,0.0
0,0.0
0,0.0
0,0.0
0,0.0
0,0.0
0,0.0
0,0.0
0,0.0
0,0.0
0,0.0
0,0.0
0,0.0
0,0.0
0,0.0
0,0.0
0,0.0
0,0.0
0,0.0
0,0.0
0,0.0
0,0.0
0,0.0
0,0.0
0,0.0
0,0.0
0,0.0
0,0.0
0,0.0
0,0.0
0,0.0
0,0.0
0,0.0
0,0.0
0,0.0
0,0.0
0,0.0
0,0.0
0,0.0
0,0.0
0,0.0
0,0.0
0,0.0
0,0.0
0,0.0
0,0.0
0,0.0
0,0.0
0,0.0
0,0.0
0,0.0
0,0.0
0,0.0
0,0.0
0,0.0
0,0.0
0,0.0
0,0.0
0,0.0
0,0.0
0,0.0
0,0.0
0,0.0
0,0.0
0,0.0
0,0.0
0,0.0
0,0.0
0,0.0
0,0.0
0,0.0
0,0.0
0,0.0
0,0.0
0,0.0
0,0.0
0,0.0
0,0.0
0,0.0
0,0.0
0,0.0
0,0.0
0,0.0
0,0.0
0,0.0
0,0.0
0,0.0
0,0.0
0,0.0
0,0.0
0,0.0
0,0.0
0,0.0
0,0.0
0,0.0
0,0.0
0,0.0
0,0.0
0,0.0
0,0.0
0,0.0
0,0.0
0,0.0
0,0.0
0,0.0
0,0.0
0,0.0
0,0.0
0,0.0
0,0.0
0,0.0
0,0.0
0,0.0
0,0.0
0,0.0
0,0.0
0,0.0
0,0.0
0,0.0
0,0.0
0,0.0
0,0.0
0,0.0
0,0.0
0,0.0
0,0.0
0,0.0
0,0.0
0,0.0
0,0.0
0,0.0
0,0.0
0,0.0
0,0.0
0,0.0
0,0.0
0,0.0
0,0.0
0,0.0
0,0.0
0,0.0
0,0.0
0,0.0
0,0.0
0,0.0
0,0.0
0,0.0
0,0.0
0,0.0
0,0.0
0,0.0
0,0.0
0,0.0
0,0.0
0,0.0
0,0.0
0,0.0
0,0.0
0,0.0
0,0.0
0,0.0
0,0.0
0,0.0
0,0.0
0,0.0
0,0.0
0,0.0
0,0.0
0,0.0
0,0.0
0,0.0
0,0.0
0,0.0
0,0.0
0,0.0
0,0.0
0,0.0
0,0.0
0,0.0
0,0.0
0,0.0
0,0.0
0,0.0
0,0.0
0,0.0
0,0.0
0,0.0
0,0.0
0,0.0
0,0.0
0,0.0
0,0.0
0,0.0
0,0.0
0,0.0
0,0.0
0,0.0
0,0.0
0,0.0
0,0.0
0,0.0
0,0.0
0,0.0
0,0.0
0,0.0
0,0.0
0,0.0
0,0.0
0,0.0
0,0.0
0,0.0
0,0.0
0,0.0
0,0.0
0,0.0
0,0.0
0,0.0
0,0.0
0,0.0
0,0.0
0,0.0
0,0.0
0,0.0
0,0.0
0,0.0
0,0.0
0,0.0
0,0.0
0,0.0
0,0.0
0,0.0
0,0.0
0,0.0
0,0.0
0,0.0
0,0.0
0,0.0
0,0.0
0,0.0
0,0.0
0,0.0
0,0.0
0,0.0
0,0.0
0,0.0
0,0.0
0,0.0
0,0.0
0,0.0
0,0.0
0,0.0
0,0.0
0,0.0
0,0.0
0,0.0
0,0.0
0,0.0
0,0.0
0,0.0
0,0.0
0,0.0
0,0.0
0,0.0
0,0.0
0,0.0
0,0.0
0,0.0
0,0.0
0,0.0
0,0.0
0,0.0
0,0.0
0,0.0
0,0.0
0,0.0
0,0.0
0,0.0
0,0.0
0,0.0
0,0.0
0,0.0
0,0.0
0,0.0
0,0.0
0,0.0
0,0.0
0,0.0
0,0.0
0,0.0
0,0.0
0,0.0
0,0.0
0,0.0
0,0.0
0,0.0
0,0.0
0,0.0
0,0.0
0,0.0
0,0.0
0,0.0
0,0.0
0,0.0
0,0.0
0,0.0
0,0.0
0,0.0
0,0.0
0,0.0
0,0.0
0,0.0
0,0.0
0,0.0
0,0.0
0,0.0
0,0.0
0,0.0
0,0.0
0,0.0
0,0.0
0,0.0
0,0.0
0,0.0
0,0.0
0,0.0
0,0.0
0,0.0
0,0.0
0,0.0
0,0.0
0,0.0
0,0.0
0,0.0
0,0.0
0,0.0
0,0.0
0,0.0
0,0.0
0,0.0
0,0.0
0,0.0
0,0.0
0,0.0
0,0.0
0,0.0
0,0.0
0,0.0
0,0.0
0,0.0
0,0.0
0,0.0
0,0.0
0,0.0
0,0.0
0,0.0
0,0.0
0,0.0
0,0.0
0,0.0
873701901122666496,0.29515126202677844
0,0.0
0,0.0
0,0.0
0,0.0
0,0.0
0,0.0
0,0.0
0,0.0
0,0.0
0,0.0
0,0.0
0,0.0
0,0.0
0,0.0
0,0.0
0,0.0
0,0.0
0,0.0
0,0.0
0,0.0
0,0.0
0,0.0
0,0.0
0,0.0
0,0.0
0,0.0
0,0.0
0,0.0
0,0.0
0,0.0
0,0.0
0,0.0
0,0.0
0,0.0
0,0.0
0,0.0
0,0.0
0,0.0
0,0.0
0,0.0
0,0.0
0,0.0
0,0.0
0,0.0
0,0.0
0,0.0
0,0.0
0,0.0
0,0.0
0,0.0
0,0.0
0,0.0
0,0.0
0,0.0
0,0.0
0,0.0
0,0.0
0,0.0
0,0.0
0,0.0
0,0.0
0,0.0
0,0.0
0,0.0
0,0.0
0,0.0
0,0.0
0,0.0
0,0.0
0,0.0
0,0.0
0,0.0
0,0.0
0,0.0
0,0.0
0,0.0
0,0.0
0,0.0
0,0.0
0,0.0
0,0.0
0,0.0
0,0.0
0,0.0
0,0.0
0,0.0
0,0.0
0,0.0
0,0.0
0,0.0
0,0.0
0,0.0
0,0.0
0,0.0
0,0.0
0,0.0
0,0.0
0,0.0
0,0.0
0,0.0
0,0.0
0,0.0
0,0.0
0,0.0
0,0.0
0,0.0
0,0.0
0,0.0
0,0.0
0,0.0
0,0.0
0,0.0
0,0.0
0,0.0
0,0.0
0,0.0
0,0.0
0,0.0
0,0.0
0,0.0
0,0.0
0,0.0
0,0.0
0,0.0
0,0.0
0,0.0
0,0.0
0,0.0
0,0.0
0,0.0
0,0.0
0,0.0
0,0.0
0,0.0
0,0.0
0,0.0
0,0.0
0,0.0
0,0.0
0,0.0
0,0.0
0,0.0
0,0.0
0,0.0
0,0.0
0,0.0
0,0.0
0,0.0
0,0.0
0,0.0
0,0.0
0,0.0
0,0.0
0,0.0
0,0.0
0,0.0
0,0.0
0,0.0
0,0.0
0,0.0
0,0.0
0,0.0
0,0.0
0,0.0
0,0.0
0,0.0
0,0.0
0,0.0
0,0.0
0,0.0
0,0.0
0,0.0
0,0.0
0,0.0
0,0.0
0,0.0
0,0.0
0,0.0
0,0.0
0,0.0
0,0.0
0,0.0
0,0.0
0,0.0
0,0.0
0,0.0
0,0.0
0,0.0
0,0.0
0,0.0
0,0.0
0,0.0
0,0.0
0,0.0
0,0.0
0,0.0
0,0.0
0,0.0
0,0.0
0,0.0
0,0.0
0,0.0
0,0.0
0,0.0
0,0.0
0,0.0
0,0.0
0,0.0
0,0.0
0,0.0
0,0.0
0,0.0
0,0.0
0,0.0
0,0.0
0,0.0
0,0.0
0,0.0
0,0.0
0,0.0
0,0.0
0,0.0
0,0.0
0,0.0
0,0.0
0,0.0
0,0.0
0,0.0
0,0.0
0,0.0
0,0.0
0,0.0
0,0.0
0,0.0
0,0.0
0,0.0
0,0.0
0,0.0
0,0.0
0,0.0
0,0.0
0,0.0
0,0.0
0,0.0
0,0.0
0,0.0
0,0.0
0,0.0
0,0.0
0,0.0
0,0.0
0,0.0
0,0.0
0,0.0
0,0.0
0,0.0
0,0.0
0,0.0
0,0.0
0,0.0
0,0.0
0,0.0
0,0.0
0,0.0
0,0.0
0,0.0
0,0.0
0,0.0
0,0.0
0,0.0
0,0.0
0,0.0
0,0.0
0,0.0
0,0.0
0,0.0
0,0.0
0,0.0
0,0.0
0,0.0
0,0.0
0,0.0
0,0.0
0,0.0
0,0.0
0,0.0
0,0.0
0,0.0
0,0.0
0,0.0
0,0.0
0,0.0
0,0.0
0,0.0
0,0.0
0,0.0
0,0.0
0,0.0
0,0.0
0,0.0
0,0.0
0,0.0
0,0.0
0,0.0
0,0.0
0,0.0
0,0.0
0,0.0
0,0.0
0,0.0
0,0.0
0,0.0
0,0.0
0,0.0
0,0.0
0,0.0
0,0.0
0,0.0
0,0.0
0,0.0
0,0.0
0,0.0
0,0.0
0,0.0
0,0.0
0,0.0
0,0.0
0,0.0
0,0.0
0,0.0
571958733240799233,0.3089716824954028
0,0.0
0,0.0
0,0.0
0,0.0
0,0.0
0,0.0
0,0.0
0,0.0
0,0.0
0,0.0
0,0.0
0,0.0
0,0.0
0,0.0
0,0.0
0,0.0
0,0.0
0,0.0
0,0.0
0,0.0
0,0.0
0,0.0
0,0.0
0,0.0
0,0.0
0,0.0
0,0.0
0,0.0
0,0.0
0,0.0
0,0.0
0,0.0
0,0.0
0,0.0
0,0.0
0,0.0
0,0.0
0,0.0
0,0.0
0,0.0
0,0.0
0,0.0
0,0.0
0,0.0
0,0.0
0,0.0
0,0.0
0,0.0
0,0.0
0,0.0
0,0.0
0,0.0
0,0.0
0,0.0
0,0.0
0,0.0
0,0.0
0,0.0
0,0.0
0,0.0
0,0.0
0,0.0
0,0.0
0,0.0
0,0.0
0,0.0
0,0.0
0,0.0
0,0.0
0,0.0
0,0.0
0,0.0
0,0.0
0,0.0
0,0.0
0,0.0
0,0.0
0,0.0
0,0.0
950265431250173952,0.20132159326163104
445863372496306176,0.4561207236130036
797159948927643650,0.1909878892590051
117095720615411712,0.5755863641903011
666535424910426112,0.4683601416897151
0,0.0
0,0.0
797159948927643650,0.1909878892590051
225181080880152576,0.506622572416587
157628254700699648,0.4791714051620777
0,0.0
666535424910426112,0.4683601416897151
864715730027806720,0.9206806983748492
49542825716482048,0.46318981868776005
954770199108648960,0.3919544724645963
445863372496306176,0.4561207236130036
229686329774964736,0.229738497366027
157628460859129856,0.4108901358879281
734095604073889792,2.637864754019811
225181080880152576,0.506622572416587
680046155073060864,0.19360252785890994
864715730027806720,0.9206806983748492
0,0.0
49542825716482048,0.46318981868776005
963771488488390656,0.27220189396108174
954770199108648960,0.3919544724645963
0,0.0
680046429950967808,0.47921741976059257
680046155073060864,0.19360252785890994
963771488488390656,0.27220189396108174
734095604073889792,2.637864754019811
157628460859129856,0.4108901358879281
0,0.0
0,0.0
0,0.0
0,0.0
0,0.0
153126785377107968,0.32690362927474514
0,0.0
9010085472763904,0.4200684260569937
0,0.0
0,0.0
180144122533773312,0.6513775969290009
0,0.0
562959024392241152,0.2610551729366802
9010085472763904,0.4200684260569937
225189602095267840,1.0072742355734112
180144122533773312,0.6513775969290009
0,0.0
0,0.0
225189602095267840,1.0072742355734112
950266805639708672,0.38630656520437234
562959024392241152,0.2610551729366802
0,0.0
0,0.0
0,0.0
0,0.0
0,0.0
346778545697062912,0.28504558196613045
369299430051938304,0.666639888009261
747598431496699904,0.9493103399942507
0,0.0
0,0.0
369299430051938304,0.666639888009261
0,0.0
540438071317889024,0.23558127971602497
346778545697062912,0.28504558196613045
22532360507490304,0.32448716762916835
747598431496699904,0.9493103399942507
801650010801307648,0.28604106752704234
540438071317889024,0.23558127971602497
364792531889684480,0.2504472499662157
153133107568967680,0.19836519017380544
495398432911917056,0.5611547771749356
0,0.0
153133107568967680,0.19836519017380544
0,0.0
923240534951067648,0.5193513614864315
306244843380670464,0.28779423694028344
58547207472676864,0.28948004273103184
364792531889684480,0.2504472499662157
180152231432028160,0.5839118634831459
495398432911917056,0.5611547771749356
0,0.0
0,0.0
306244843380670464,0.28779423694028344
202663014023823360,0.46912843639242335
954768206243823616,0.3781407116143936
180152231432028160,0.5839118634831459
166636484747591680,1.6334199055490906
0,0.0
558450408243068928,0.1923339445622899
58547207472676864,0.28948004273103184
0,0.0
662030863210381312,0.7373414834342362
202663014023823360,0.46912843639242335
684548998786187264,0.712179475375414
382809060702945280,0.3914324409882247
0,0.0
166636484747591680,1.6334199055490906
0,0.0
0,0.0
0,0.0
0,0.0
0,0.0
382809060702945280,0.3914324409882247
454866723460349952,0.29824693642852396
18023125883027456,0.29651941512319224
117103417196806144,0.8917538407273613
0,0.0
0,0.0
0,0.0
0,0.0
139621071736274944,0.1695949664642203
454866723460349952,0.29824693642852396
117103417196806144,0.8917538407273613
0,0.0
0,0.0
0,0.0
0,0.0
0,0.0
0,0.0
0,0.0
468377659781414912,0.4905087471697115
139621071736274944,0.1695949664642203
90081200957292544,0.3728979297032903
0,0.0
797139264348356608,1.5482178372890554
468377659781414912,0.4905087471697115
810648894999363584,0.4230506982301294
571961482003087360,0.2685300877685776
571958252187680768,0.5036441728542086
90081200957292544,0.3728979297032903
711569222160875520,0.5361605114067988
0,0.0
0,0.0
0,0.0
0,0.0
0,0.0
662029901137707008,0.7418777917858169
684551816284733440,0.2183115723753553
571958252187680768,0.5036441728542086
797139264348356608,1.5482178372890554
851189400543952896,0.4393900394979386
711569222160875520,0.5361605114067988
0,0.0
0,0.0
139613718752264192,0.48491637827027456
0,0.0
662029901137707008,0.7418777917858169
0,0.0
860200997845204992,0.3509975674673544
747598362777223168,1.2517251771998517
117111045058723840,1.7944146276992394
396318004159184896,0.16072257691718392
851189400543952896,0.4393900394979386
139613718752264192,0.48491637827027456
90076596752351232,0.991910349596177
346778476977586176,0.7327458540784519
0,0.0
0,0.0
63060702704697344,0.6580762053096586
671046652399714304,0.23390024368375162
0,0.0
950262338873720832,0.18837089967922327
396318004159184896,0.16072257691718392
0,0.0
0,0.0
0,0.0
0,0.0
63060702704697344,0.6580762053096586
671046652399714304,0.23390024368375162
558450820559929344,0.6137247277306334
734087976211972096,0.22093134887027688
950262338873720832,0.18837089967922327
801641764464099328,1.0932912268485464
0,0.0
963771419768913920,0.4229776208136312
801641764464099328,1.0932912268485464
968274881957330944,1.3227066294159866
454877031381860352,0.4960676512089858
648531746639314944,0.29368973512119895
963771419768913920,0.4229776208136312
454877031381860352,0.4960676512089858
941254796021596160,0.2211796820076383
117100049942446080,0.23110281203395167
936750784077365248,1.1241977021329477
0,0.0
0,0.0
0,0.0
0,0.0
662035329976369152,0.4246108142063742
941254796021596160,0.2211796820076383
454866654740873216,0.31353854579620666
585469738264559616,0.4754471247078901
432346182702858240,0.9995922086421042
0,0.0
27029981540384768,0.7129513912525876
589972650697162752,0.3477667210789439
63060565265743872,1.901719130392288
0,0.0
432346182702858240,0.9995922086421042
558450889279406080,1.7908969685886456
459369292295569408,0.5002114610052433
454866654740873216,0.31353854579620666
0,0.0
0,0.0
0,0.0
216179241744596992,0.26209565249542005
549439979172921344,0.46344993338763146
589972650697162752,0.3477667210789439
63060565265743872,1.901719130392288
229701448059846656,0.16053379001319315
558450889279406080,1.7908969685886456
585476747651186688,0.2891982307708676
752105260939476992,0.20540699026079906
0,0.0
220679336678653952,0.753956997379824
549439979172921344,0.46344993338763146
752105260939476992,0.20540699026079906
860190621204217856,0.4032725438968044
837681625318817792,0.42934114641156856
63064963312254976,0.4748305139415537
666534325398798336,0.17242480805568552
495402143763660800,0.202592761930529
0,0.0
0,0.0
0,0.0
666534325398798336,0.17242480805568552
495402143763660800,0.202592761930529
0,0.0
63064963312254976,0.4748305139415537
860190621204217856,0.4032725438968044
220679336678653952,0.753956997379824
0,0.0
0,0.0
571962100478377984,0.3207132976179815
558457074032312320,0.3067539557830673
337775607049879552,0.3338418955985602
4531774612832256,0.209289563940035
864727274899898368,0.23217996103720925
797139126909403136,0.48055208090035784
571962100478377984,0.3207132976179815
4531774612832256,0.209289563940035
864727274899898368,0.23217996103720925
495401937605230592,0.421886938840066
364793631401312256,0.35065789203387393
558457074032312320,0.3067539557830673
0,0.0
0,0.0
0,0.0
747604135213268992,0.5670744950766258
337775607049879552,0.3338418955985602
0,0.0
797139126909403136,0.48055208090035784
445867426945433600,0.30757259275982307
445874711209967616,0.31336191752906095
495401937605230592,0.421886938840066
860195156689682432,1.0603620733151293
423338777289687040,0.4446907273987619
0,0.0
445874711209967616,0.31336191752906095
445867426945433600,0.30757259275982307
639540009266839552,0.535770399134592
680052202387013632,0.20574498904714544
689055484631580672,0.16085154756656836
0,0.0
445857325182353408,1.1091820224760227
22528718375223296,0.20231221458006435
0,0.0
0,0.0
0,0.0
689055484631580672,0.16085154756656836
0,0.0
0,0.0
180153605821562880,0.2853805835809437
0,0.0
734095672793366528,0.16823790734980032
941259400226537472,0.45460362631637685
445857325182353408,1.1091820224760227
22528718375223296,0.20231221458006435
0,0.0
0,0.0
0,0.0
0,0.0
968287801218957312,0.6865345145365963
675543311359934464,2.137727542040847
391814885568151552,0.4598569778202784
495406198212788224,0.22338349443278033
364807993771950080,0.24351294652440966
0,0.0
0,0.0
391814885568151552,0.4598569778202784
936751471272132608,0.34892178315777306
675543311359934464,2.137727542040847
324261578352361472,0.3633114133770092
968287801218957312,0.6865345145365963
0,0.0
963771076171530240,0.40529194410449365
364807993771950080,0.24351294652440966
734091274746855424,0.6670249773149428
4504080663707648,0.6408647145763292
0,0.0
936751471272132608,0.34892178315777306
734094504562262016,1.8162345352748364
639539940547362816,0.37505786674192026
0,0.0
702562229064564736,0.32322041780339306
734091206027378688,0.4039910189261637
0,0.0
878203095568351232,0.22348930540685832
4504080663707648,0.6408647145763292
0,0.0
0,0.0
702562229064564736,0.32322041780339306
58547138753200128,0.2320007370444327
878203095568351232,0.22348930540685832
693558603222614016,0.25470281914499887
734091206027378688,0.4039910189261637
445856431829155840,2.964831796217283
837676814955446272,2.4233739920905726
693556610357788672,0.31898507683745964
4515488096845824,0.5272916792072107
0,0.0
0,0.0
693558603222614016,0.25470281914499887
94575729613733888,0.4473319725602452
0,0.0
693556610357788672,0.31898507683745964
837676814955446272,2.4233739920905726
4515488096845824,0.5272916792072107
0,0.0
117095720615411712,0.5755863641903011
0,0.0
0,0.0
797159948927643650,0.1909878892590051
950265431250173952,0.20132159326163104
666535424910426112,0.4683601416897151
445863372496306176,0.4561207236130036
0,0.0
0,0.0
797159948927643650,0.1909878892590051
49542825716482048,0.46318981868776005
954770199108648960,0.3919544724645963
0,0.0
864715730027806720,0.9206806983748492
225181080880152576,0.506622572416587
666535424910426112,0.4683601416897151
157628254700699648,0.4791714051620777
0,0.0
225181080880152576,0.506622572416587
963771488488390656,0.27220189396108174
229686329774964736,0.229738497366027
954770199108648960,0.3919544724645963
49542825716482048,0.46318981868776005
157628460859129856,0.4108901358879281
864715730027806720,0.9206806983748492
734095604073889792,2.637864754019811
0,0.0
734095604073889792,2.637864754019811
680046429950967808,0.47921741976059257
157628460859129856,0.4108901358879281
680046155073060864,0.19360252785890994
9010085472763904,0.4200684260569937
153126785377107968,0.32690362927474514
180144122533773312,0.6513775969290009
0,0.0
180144122533773312,0.6513775969290009
0,0.0
225189602095267840,1.0072742355734112
9010085472763904,0.4200684260569937
562959024392241152,0.2610551729366802
0,0.0
0,0.0
950266805639708672,0.38630656520437234
0,0.0
562959024392241152,0.2610551729366802
0,0.0
0,0.0
0,0.0
369299430051938304,0.666639888009261
747598431496699904,0.9493103399942507
0,0.0
540438071317889024,0.23558127971602497
346778545697062912,0.28504558196613045
747598431496699904,0.9493103399942507
369299430051938304,0.666639888009261
22532360507490304,0.32448716762916835
0,0.0
0,0.0
801650010801307648,0.28604106752704234
540438071317889024,0.23558127971602497
495398432911917056,0.5611547771749356
0,0.0
0,0.0
153133107568967680,0.19836519017380544
0,0.0
923240534951067648,0.5193513614864315
364792531889684480,0.2504472499662157
495398432911917056,0.5611547771749356
58547207472676864,0.28948004273103184
306244843380670464,0.28779423694028344
180152231432028160,0.5839118634831459
202663014023823360,0.46912843639242335
0,0.0
166636484747591680,1.6334199055490906
558450408243068928,0.1923339445622899
954768206243823616,0.3781407116143936
180152231432028160,0.5839118634831459
58547207472676864,0.28948004273103184
166636484747591680,1.6334199055490906
684548998786187264,0.712179475375414
0,0.0
382809060702945280,0.3914324409882247
445863647374213120,0.347077679151224
662030863210381312,0.7373414834342362
117103417196806144,0.8917538407273613
18023125883027456,0.29651941512319224
382809060702945280,0.3914324409882247
454866723460349952,0.29824693642852396
0,0.0
0,0.0
0,0.0
117103417196806144,0.8917538407273613
0,0.0
454866723460349952,0.29824693642852396
0,0.0
0,0.0
0,0.0
468377659781414912,0.4905087471697115
0,0.0
0,0.0
90081200957292544,0.3728979297032903
139621071736274944,0.1695949664642203
0,0.0
711569222160875520,0.5361605114067988
468377659781414912,0.4905087471697115
797139264348356608,1.5482178372890554
90081200957292544,0.3728979297032903
0,0.0
810648894999363584,0.4230506982301294
571961482003087360,0.2685300877685776
0,0.0
571958252187680768,0.5036441728542086
711569222160875520,0.5361605114067988
684551816284733440,0.2183115723753553
797139264348356608,1.5482178372890554
0,0.0
860200997845204992,0.3509975674673544
851189400543952896,0.4393900394979386
396318004159184896,0.16072257691718392
747598362777223168,1.2517251771998517
662029901137707008,0.7418777917858169
117111045058723840,1.7944146276992394
139613718752264192,0.48491637827027456
0,0.0
0,0.0
139613718752264192,0.48491637827027456
671046652399714304,0.23390024368375162
90076596752351232,0.991910349596177
0,0.0
346778476977586176,0.7327458540784519
950262338873720832,0.18837089967922327
0,0.0
0,0.0
0,0.0
0,0.0
950262338873720832,0.18837089967922327
63060702704697344,0.6580762053096586
558450820559929344,0.6137247277306334
734087976211972096,0.22093134887027688
801641764464099328,1.0932912268485464
0,0.0
0,0.0
0,0.0
801641764464099328,1.0932912268485464
454877031381860352,0.4960676512089858
0,0.0
0,0.0
968274881957330944,1.3227066294159866
963771419768913920,0.4229776208136312
648531746639314944,0.29368973512119895
0,0.0
454877031381860352,0.4960676512089858
968274881957330944,1.3227066294159866
941254796021596160,0.2211796820076383
117100049942446080,0.23110281203395167
0,0.0
0,0.0
936750784077365248,1.1241977021329477
0,0.0
0,0.0
662035329976369152,0.4246108142063742
0,0.0
454866654740873216,0.31353854579620666
585469738264559616,0.4754471247078901
432346182702858240,0.9995922086421042
558450889279406080,1.7908969685886456
27029981540384768,0.7129513912525876
63060565265743872,1.901719130392288
589972650697162752,0.3477667210789439
459369292295569408,0.5002114610052433
0,0.0
432346182702858240,0.9995922086421042
0,0.0
0,0.0
229701448059846656,0.16053379001319315
63060565265743872,1.901719130392288
549439979172921344,0.46344993338763146
585476747651186688,0.2891982307708676
752105260939476992,0.20540699026079906
589972650697162752,0.3477667210789439
216179241744596992,0.26209565249542005
0,0.0
558450889279406080,1.7908969685886456
0,0.0
0,0.0
0,0.0
666534325398798336,0.17242480805568552
837681625318817792,0.42934114641156856
63064963312254976,0.4748305139415537
495402143763660800,0.202592761930529
549439979172921344,0.46344993338763146
752105260939476992,0.20540699026079906
220679336678653952,0.753956997379824
860190621204217856,0.4032725438968044
0,0.0
0,0.0
495402143763660800,0.202592761930529
0,0.0
63064963312254976,0.4748305139415537
860190621204217856,0.4032725438968044
0,0.0
220679336678653952,0.753956997379824
666534325398798336,0.17242480805568552
0,0.0
571962100478377984,0.3207132976179815
0,0.0
0,0.0
4531774612832256,0.209289563940035
558457074032312320,0.3067539557830673
864727274899898368,0.23217996103720925
364793631401312256,0.35065789203387393
0,0.0
797139126909403136,0.48055208090035784
558457074032312320,0.3067539557830673
0,0.0
4531774612832256,0.209289563940035
747604135213268992,0.5670744950766258
337775607049879552,0.3338418955985602
495401937605230592,0.421886938840066
445874711209967616,0.31336191752906095
860195156689682432,1.0603620733151293
423338777289687040,0.4446907273987619
0,0.0
0,0.0
445867426945433600,0.30757259275982307
0,0.0
0,0.0
0,0.0
680052202387013632,0.20574498904714544
0,0.0
689055484631580672,0.16085154756656836
639540009266839552,0.535770399134592
445867426945433600,0.30757259275982307
0,0.0
0,0.0
0,0.0
680052202387013632,0.20574498904714544
0,0.0
0,0.0
180153605821562880,0.2853805835809437
445857325182353408,1.1091820224760227
22528718375223296,0.20231221458006435
0,0.0
734095672793366528,0.16823790734980032
941259400226537472,0.45460362631637685
0,0.0
968287801218957312,0.6865345145365963
391814885568151552,0.4598569778202784
0,0.0
364807993771950080,0.24351294652440966
495406198212788224,0.22338349443278033
675543311359934464,2.137727542040847
0,0.0
734091274746855424,0.6670249773149428
391814885568151552,0.4598569778202784
468376628989263872,1.132517786760985
936751471272132608,0.34892178315777306
324261578352361472,0.3633114133770092
675543311359934464,2.137727542040847
963771076171530240,0.40529194410449365
0,0.0
968287801218957312,0.6865345145365963
0,0.0
0,0.0
4504080663707648,0.6408647145763292
639539940547362816,0.37505786674192026
734094504562262016,1.8162345352748364
936751471272132608,0.34892178315777306
0,0.0
0,0.0
702562229064564736,0.32322041780339306
4504080663707648,0.6408647145763292
0,0.0
878203095568351232,0.22348930540685832
0,0.0
0,0.0
0,0.0
0,0.0
0,0.0
693558603222614016,0.25470281914499887
734091206027378688,0.4039910189261637
58547138753200128,0.2320007370444327
4515488096845824,0.5272916792072107
445856431829155840,2.964831796217283
878203095568351232,0.22348930540685832
0,0.0
0,0.0
0,0.0
837676814955446272,2.4233739920905726
693556610357788672,0.31898507683745964
0,0.0
94575729613733888,0.4473319725602452
4515488096845824,0.5272916792072107
693558603222614016,0.25470281914499887
0,0.0
0,0.0
0,0.0
0,0.0
0,0.0
117095720615411712,0.5755863641903011
950265431250173952,0.20132159326163104
445863372496306176,0.4561207236130036
666535424910426112,0.4683601416897151
0,0.0
0,0.0
157628254700699648,0.4791714051620777
0,0.0
666535424910426112,0.4683601416897151
49542825716482048,0.46318981868776005
864715730027806720,0.9206806983748492
225181080880152576,0.506622572416587
0,0.0
0,0.0
954770199108648960,0.3919544724645963
734095604073889792,2.637864754019811
49542825716482048,0.46318981868776005
229686329774964736,0.229738497366027
963771488488390656,0.27220189396108174
225181080880152576,0.506622572416587
0,0.0
0,0.0
0,0.0
680046155073060864,0.19360252785890994
680046429950967808,0.47921741976059257
157628460859129856,0.4108901358879281
0,0.0
0,0.0
0,0.0
9010085472763904,0.4200684260569937
153126785377107968,0.32690362927474514
0,0.0
180144122533773312,0.6513775969290009
225189602095267840,1.0072742355734112
562959024392241152,0.2610551729366802
0,0.0
0,0.0
0,0.0
0,0.0
0,0.0
950266805639708672,0.38630656520437234
0,0.0
0,0.0
0,0.0
0,0.0
369299430051938304,0.666639888009261
346778545697062912,0.28504558196613045
747598431496699904,0.9493103399942507
0,0.0
540438071317889024,0.23558127971602497
22532360507490304,0.32448716762916835
801650010801307648,0.28604106752704234
540438071317889024,0.23558127971602497
0,0.0
0,0.0
58547207472676864,0.28948004273103184
923240534951067648,0.5193513614864315
306244843380670464,0.28779423694028344
0,0.0
153133107568967680,0.19836519017380544
495398432911917056,0.5611547771749356
364792531889684480,0.2504472499662157
0,0.0
0,0.0
166636484747591680,1.6334199055490906
558450408243068928,0.1923339445622899
180152231432028160,0.5839118634831459
202663014023823360,0.46912843639242335
954768206243823616,0.3781407116143936
382809060702945280,0.3914324409882247
445863647374213120,0.347077679151224
684548998786187264,0.712179475375414
166636484747591680,1.6334199055490906
662030863210381312,0.7373414834342362
0,0.0
0,0.0
0,0.0
18023125883027456,0.29651941512319224
117103417196806144,0.8917538407273613
382809060702945280,0.3914324409882247
0,0.0
0,0.0
0,0.0
454866723460349952,0.29824693642852396
117103417196806144,0.8917538407273613
0,0.0
0,0.0
0,0.0
0,0.0
139621071736274944,0.1695949664642203
90081200957292544,0.3728979297032903
0,0.0
90081200957292544,0.3728979297032903
711569222160875520,0.5361605114067988
571961482003087360,0.2685300877685776
468377659781414912,0.4905087471697115
0,0.0
810648894999363584,0.4230506982301294
797139264348356608,1.5482178372890554
0,0.0
0,0.0
571958252187680768,0.5036441728542086
711569222160875520,0.5361605114067988
684551816284733440,0.2183115723753553
797139264348356608,1.5482178372890554
0,0.0
0,0.0
0,0.0
0,0.0
0,0.0
662029901137707008,0.7418777917858169
117111045058723840,1.7944146276992394
139613718752264192,0.48491637827027456
747598362777223168,1.2517251771998517
860200997845204992,0.3509975674673544
396318004159184896,0.16072257691718392
851189400543952896,0.4393900394979386
0,0.0
0,0.0
346778476977586176,0.7327458540784519
0,0.0
671046652399714304,0.23390024368375162
90076596752351232,0.991910349596177
139613718752264192,0.48491637827027456
0,0.0
0,0.0
558450820559929344,0.6137247277306334
950262338873720832,0.18837089967922327
0,0.0
801641764464099328,1.0932912268485464
734087976211972096,0.22093134887027688
63060702704697344,0.6580762053096586
0,0.0
648531746639314944,0.29368973512119895
963771419768913920,0.4229776208136312
968274881957330944,1.3227066294159866
454877031381860352,0.4960676512089858
0,0.0
941254796021596160,0.2211796820076383
936750784077365248,1.1241977021329477
968274881957330944,1.3227066294159866
117100049942446080,0.23110281203395167
0,0.0
454877031381860352,0.4960676512089858
0,0.0
0,0.0
0,0.0
454866654740873216,0.31353854579620666
432346182702858240,0.9995922086421042
662035329976369152,0.4246108142063742
585469738264559616,0.4754471247078901
0,0.0
589972650697162752,0.3477667210789439
27029981540384768,0.7129513912525876
558450889279406080,1.7908969685886456
0,0.0
432346182702858240,0.9995922086421042
63060565265743872,1.901719130392288
459369292295569408,0.5002114610052433
549439979172921344,0.46344993338763146
216179241744596992,0.26209565249542005
589972650697162752,0.3477667210789439
63060565265743872,1.901719130392288
585476747651186688,0.2891982307708676
229701448059846656,0.16053379001319315
0,0.0
558450889279406080,1.7908969685886456
0,0.0
549439979172921344,0.46344993338763146
220679336678653952,0.753956997379824
495402143763660800,0.202592761930529
837681625318817792,0.42934114641156856
752105260939476992,0.20540699026079906
860190621204217856,0.4032725438968044
63064963312254976,0.4748305139415537
0,0.0
0,0.0
63064963312254976,0.4748305139415537
0,0.0
666534325398798336,0.17242480805568552
0,0.0
0,0.0
0,0.0
558457074032312320,0.3067539557830673
0,0.0
571962100478377984,0.3207132976179815
864727274899898368,0.23217996103720925
0,0.0
797139126909403136,0.48055208090035784
337775607049879552,0.3338418955985602
364793631401312256,0.35065789203387393
4531774612832256,0.209289563940035
0,0.0
747604135213268992,0.5670744950766258
0,0.0
0,0.0
0,0.0
495401937605230592,0.421886938840066
445867426945433600,0.30757259275982307
860195156689682432,1.0603620733151293
423338777289687040,0.4446907273987619
445874711209967616,0.31336191752906095
0,0.0
639540009266839552,0.535770399134592
689055484631580672,0.16085154756656836
0,0.0
445867426945433600,0.30757259275982307
0,0.0
680052202387013632,0.20574498904714544
0,0.0
0,0.0
0,0.0
0,0.0
680052202387013632,0.20574498904714544
0,0.0
180153605821562880,0.2853805835809437
734095672793366528,0.16823790734980032
22528718375223296,0.20231221458006435
0,0.0
445857325182353408,1.1091820224760227
0,0.0
941259400226537472,0.45460362631637685
0,0.0
495406198212788224,0.22338349443278033
968287801218957312,0.6865345145365963
675543311359934464,2.137727542040847
0,0.0
391814885568151552,0.4598569778202784
364807993771950080,0.24351294652440966
0,0.0
324261578352361472,0.3633114133770092
936751471272132608,0.34892178315777306
734091274746855424,0.6670249773149428
963771076171530240,0.40529194410449365
675543311359934464,2.137727542040847
468376628989263872,1.132517786760985
391814885568151552,0.4598569778202784
968287801218957312,0.6865345145365963
0,0.0
0,0.0
0,0.0
639539940547362816,0.37505786674192026
936751471272132608,0.34892178315777306
0,0.0
4504080663707648,0.6408647145763292
734094504562262016,1.8162345352748364
702562229064564736,0.32322041780339306
4504080663707648,0.6408647145763292
878203095568351232,0.22348930540685832
4515488096845824,0.5272916792072107
878203095568351232,0.22348930540685832
693558603222614016,0.25470281914499887
58547138753200128,0.2320007370444327
734091206027378688,0.4039910189261637
445856431829155840,2.964831796217283
0,0.0
693556610357788672,0.31898507683745964
693558603222614016,0.25470281914499887
94575729613733888,0.4473319725602452
0,0.0
837676814955446272,2.4233739920905726
0,0.0
0,0.0
0,0.0
0,0.0
0,0.0
445863372496306176,0.4561207236130036
117095720615411712,0.5755863641903011
445863372496306176,0.4561207236130036
0,0.0
950265431250173952,0.20132159326163104
117095720615411712,0.5755863641903011
666535424910426112,0.4683601416897151
0,0.0
864715730027806720,0.9206806983748492
0,0.0
0,0.0
0,0.0
49542825716482048,0.46318981868776005
954770199108648960,0.3919544724645963
0,0.0
0,0.0
963771488488390656,0.27220189396108174
229686329774964736,0.229738497366027
0,0.0
963771488488390656,0.27220189396108174
734095604073889792,2.637864754019811
0,0.0
0,0.0
954770199108648960,0.3919544724645963
0,0.0
680046429950967808,0.47921741976059257
0,0.0
680046155073060864,0.19360252785890994
0,0.0
734095604073889792,2.637864754019811
157628460859129856,0.4108901358879281
0,0.0
0,0.0
0,0.0
0,0.0
153126785377107968,0.32690362927474514
9010085472763904,0.4200684260569937
0,0.0
562959024392241152,0.2610551729366802
180144122533773312,0.6513775969290009
225189602095267840,1.0072742355734112
180144122533773312,0.6513775969290009
0,0.0
0,0.0
0,0.0
0,0.0
0,0.0
0,0.0
0,0.0
950266805639708672,0.38630656520437234
0,0.0
0,0.0
0,0.0
0,0.0
0,0.0
747598431496699904,0.9493103399942507
369299430051938304,0.666639888009261
0,0.0
0,0.0
0,0.0
346778545697062912,0.28504558196613045
747598431496699904,0.9493103399942507
22532360507490304,0.32448716762916835
22532360507490304,0.32448716762916835
0,0.0
0,0.0
540438071317889024,0.23558127971602497
801650010801307648,0.28604106752704234
0,0.0
364792531889684480,0.2504472499662157
495398432911917056,0.5611547771749356
923240534951067648,0.5193513614864315
0,0.0
801650010801307648,0.28604106752704234
153133107568967680,0.19836519017380544
153133107568967680,0.19836519017380544
558450408243068928,0.1923339445622899
0,0.0
180152231432028160,0.5839118634831459
0,0.0
923240534951067648,0.5193513614864315
58547207472676864,0.28948004273103184
0,0.0
954768206243823616,0.3781407116143936
202663014023823360,0.46912843639242335
180152231432028160,0.5839118634831459
662030863210381312,0.7373414834342362
0,0.0
0,0.0
166636484747591680,1.6334199055490906
202663014023823360,0.46912843639242335
0,0.0
445863647374213120,0.347077679151224
0,0.0
0,0.0
0,0.0
382809060702945280,0.3914324409882247
0,0.0
0,0.0
0,0.0
0,0.0
0,0.0
18023125883027456,0.29651941512319224
0,0.0
117103417196806144,0.8917538407273613
0,0.0
117103417196806144,0.8917538407273613
454866723460349952,0.29824693642852396
0,0.0
0,0.0
0,0.0
90081200957292544,0.3728979297032903
0,0.0
139621071736274944,0.1695949664642203
0,0.0
0,0.0
0,0.0
90081200957292544,0.3728979297032903
0,0.0
0,0.0
468377659781414912,0.4905087471697115
0,0.0
810648894999363584,0.4230506982301294
0,0.0
0,0.0
810648894999363584,0.4230506982301294
0,0.0
711569222160875520,0.5361605114067988
797139264348356608,1.5482178372890554
571958252187680768,0.5036441728542086
0,0.0
797139264348356608,1.5482178372890554
711569222160875520,0.5361605114067988
0,0.0
0,0.0
396318004159184896,0.16072257691718392
747598362777223168,1.2517251771998517
860200997845204992,0.3509975674673544
0,0.0
117111045058723840,1.7944146276992394
0,0.0
396318004159184896,0.16072257691718392
860200997845204992,0.3509975674673544
139613718752264192,0.48491637827027456
747598362777223168,1.2517251771998517
0,0.0
0,0.0
0,0.0
0,0.0
671046652399714304,0.23390024368375162
0,0.0
0,0.0
139613718752264192,0.48491637827027456
90076596752351232,0.991910349596177
0,0.0
346778476977586176,0.7327458540784519
346778476977586176,0.7327458540784519
90076596752351232,0.991910349596177
950262338873720832,0.18837089967922327
0,0.0
63060702704697344,0.6580762053096586
0,0.0
558450820559929344,0.6137247277306334
63060702704697344,0.6580762053096586
801641764464099328,1.0932912268485464
950262338873720832,0.18837089967922327
0,0.0
558450820559929344,0.6137247277306334
0,0.0
734087976211972096,0.22093134887027688
968274881957330944,1.3227066294159866
648531746639314944,0.29368973512119895
0,0.0
0,0.0
0,0.0
963771419768913920,0.4229776208136312
0,0.0
936750784077365248,1.1241977021329477
117100049942446080,0.23110281203395167
0,0.0
941254796021596160,0.2211796820076383
963771419768913920,0.4229776208136312
0,0.0
0,0.0
0,0.0
0,0.0
941254796021596160,0.2211796820076383
662035329976369152,0.4246108142063742
454866654740873216,0.31353854579620666
585469738264559616,0.4754471247078901
0,0.0
0,0.0
432346182702858240,0.9995922086421042
454866654740873216,0.31353854579620666
0,0.0
585469738264559616,0.4754471247078901
589972650697162752,0.3477667210789439
459369292295569408,0.5002114610052433
432346182702858240,0.9995922086421042
27029981540384768,0.7129513912525876
558450889279406080,1.7908969685886456
0,0.0
216179241744596992,0.26209565249542005
0,0.0
229701448059846656,0.16053379001319315
216179241744596992,0.26209565249542005
0,0.0
63064963312254976,0.4748305139415537
220679336678653952,0.753956997379824
752105260939476992,0.20540699026079906
0,0.0
549439979172921344,0.46344993338763146
837681625318817792,0.42934114641156856
229701448059846656,0.16053379001319315
495402143763660800,0.202592761930529
0,0.0
495402143763660800,0.202592761930529
860190621204217856,0.4032725438968044
666534325398798336,0.17242480805568552
0,0.0
0,0.0
0,0.0
666534325398798336,0.17242480805568552
571962100478377984,0.3207132976179815
558457074032312320,0.3067539557830673
0,0.0
0,0.0
864727274899898368,0.23217996103720925
0,0.0
797139126909403136,0.48055208090035784
337775607049879552,0.3338418955985602
364793631401312256,0.35065789203387393
337775607049879552,0.3338418955985602
747604135213268992,0.5670744950766258
0,0.0
364793631401312256,0.35065789203387393
0,0.0
0,0.0
445874711209967616,0.31336191752906095
860195156689682432,1.0603620733151293
495401937605230592,0.421886938840066
860195156689682432,1.0603620733151293
495401937605230592,0.421886938840066
423338777289687040,0.4446907273987619
445874711209967616,0.31336191752906095
0,0.0
680052202387013632,0.20574498904714544
0,0.0
689055484631580672,0.16085154756656836
639540009266839552,0.535770399134592
680052202387013632,0.20574498904714544
0,0.0
0,0.0
0,0.0
0,0.0
180153605821562880,0.2853805835809437
0,0.0
22528718375223296,0.20231221458006435
445857325182353408,1.1091820224760227
0,0.0
0,0.0
941259400226537472,0.45460362631637685
968287801218957312,0.6865345145365963
0,0.0
495406198212788224,0.22338349443278033
0,0.0
675543311359934464,2.137727542040847
364807993771950080,0.24351294652440966
0,0.0
324261578352361472,0.3633114133770092
963771076171530240,0.40529194410449365
734091274746855424,0.6670249773149428
391814885568151552,0.4598569778202784
324261578352361472,0.3633114133770092
468376628989263872,1.132517786760985
734091274746855424,0.6670249773149428
963771076171530240,0.40529194410449365
936751471272132608,0.34892178315777306
0,0.0
936751471272132608,0.34892178315777306
734094504562262016,1.8162345352748364
0,0.0
734094504562262016,1.8162345352748364
0,0.0
878203095568351232,0.22348930540685832
702562229064564736,0.32322041780339306
4504080663707648,0.6408647145763292
0,0.0
0,0.0
0,0.0
445856431829155840,2.964831796217283
0,0.0
4515488096845824,0.5272916792072107
734091206027378688,0.4039910189261637
0,0.0
0,0.0
0,0.0
445856431829155840,2.964831796217283
0,0.0
837676814955446272,2.4233739920905726
693558603222614016,0.25470281914499887
693556610357788672,0.31898507683745964
0,0.0
0,0.0
0,0.0
117095720615411712,0.5755863641903011
0,0.0
445863372496306176,0.4561207236130036
950265431250173952,0.20132159326163104
445863372496306176,0.4561207236130036
117095720615411712,0.5755863641903011
157628254700699648,0.4791714051620777
666535424910426112,0.4683601416897151
0,0.0
0,0.0
0,0.0
0,0.0
229686329774964736,0.229738497366027
864715730027806720,0.9206806983748492
157628254700699648,0.4791714051620777
229686329774964736,0.229738497366027
49542825716482048,0.46318981868776005
225181080880152576,0.506622572416587
954770199108648960,0.3919544724645963
0,0.0
864715730027806720,0.9206806983748492
963771488488390656,0.27220189396108174
734095604073889792,2.637864754019811
954770199108648960,0.3919544724645963
963771488488390656,0.27220189396108174
680046429950967808,0.47921741976059257
734095604073889792,2.637864754019811
680046155073060864,0.19360252785890994
157628460859129856,0.4108901358879281
680046155073060864,0.19360252785890994
0,0.0
9010085472763904,0.4200684260569937
0,0.0
153126785377107968,0.32690362927474514
9010085472763904,0.4200684260569937
180144122533773312,0.6513775969290009
0,0.0
0,0.0
562959024392241152,0.2610551729366802
180144122533773312,0.6513775969290009
225189602095267840,1.0072742355734112
0,0.0
0,0.0
950266805639708672,0.38630656520437234
0,0.0
0,0.0
0,0.0
0,0.0
0,0.0
747598431496699904,0.9493103399942507
369299430051938304,0.666639888009261
0,0.0
0,0.0
369299430051938304,0.666639888009261
346778545697062912,0.28504558196613045
0,0.0
22532360507490304,0.32448716762916835
0,0.0
540438071317889024,0.23558127971602497
0,0.0
801650010801307648,0.28604106752704234
0,0.0
540438071317889024,0.23558127971602497
0,0.0
0,0.0
58547207472676864,0.28948004273103184
306244843380670464,0.28779423694028344
801650010801307648,0.28604106752704234
364792531889684480,0.2504472499662157
0,0.0
495398432911917056,0.5611547771749356
0,0.0
153133107568967680,0.19836519017380544
180152231432028160,0.5839118634831459
0,0.0
923240534951067648,0.5193513614864315
153133107568967680,0.19836519017380544
364792531889684480,0.2504472499662157
58547207472676864,0.28948004273103184
558450408243068928,0.1923339445622899
0,0.0
202663014023823360,0.46912843639242335
180152231432028160,0.5839118634831459
954768206243823616,0.3781407116143936
0,0.0
0,0.0
0,0.0
662030863210381312,0.7373414834342362
954768206243823616,0.3781407116143936
0,0.0
0,0.0
0,0.0
0,0.0
166636484747591680,1.6334199055490906
0,0.0
0,0.0
0,0.0
445863647374213120,0.347077679151224
662030863210381312,0.7373414834342362
684548998786187264,0.712179475375414
382809060702945280,0.3914324409882247
117103417196806144,0.8917538407273613
18023125883027456,0.29651941512319224
0,0.0
0,0.0
117103417196806144,0.8917538407273613
454866723460349952,0.29824693642852396
0,0.0
0,0.0
0,0.0
0,0.0
0,0.0
0,0.0
139621071736274944,0.1695949664642203
0,0.0
810648894999363584,0.4230506982301294
0,0.0
571961482003087360,0.2685300877685776
0,0.0
468377659781414912,0.4905087471697115
139621071736274944,0.1695949664642203
90081200957292544,0.3728979297032903
711569222160875520,0.5361605114067988
797139264348356608,1.5482178372890554
0,0.0
684551816284733440,0.2183115723753553
0,0.0
571958252187680768,0.5036441728542086
860200997845204992,0.3509975674673544
662029901137707008,0.7418777917858169
684551816284733440,0.2183115723753553
396318004159184896,0.16072257691718392
747598362777223168,1.2517251771998517
851189400543952896,0.4393900394979386
139613718752264192,0.48491637827027456
747598362777223168,1.2517251771998517
0,0.0
662029901137707008,0.7418777917858169
396318004159184896,0.16072257691718392
0,0.0
0,0.0
117111045058723840,1.7944146276992394
0,0.0
0,0.0
346778476977586176,0.7327458540784519
0,0.0
139613718752264192,0.48491637827027456
90076596752351232,0.991910349596177
671046652399714304,0.23390024368375162
671046652399714304,0.23390024368375162
90076596752351232,0.991910349596177
0,0.0
63060702704697344,0.6580762053096586
346778476977586176,0.7327458540784519
0,0.0
558450820559929344,0.6137247277306334
63060702704697344,0.6580762053096586
801641764464099328,1.0932912268485464
950262338873720832,0.18837089967922327
0,0.0
734087976211972096,0.22093134887027688
558450820559929344,0.6137247277306334
801641764464099328,1.0932912268485464
0,0.0
454877031381860352,0.4960676512089858
0,0.0
941254796021596160,0.2211796820076383
968274881957330944,1.3227066294159866
454877031381860352,0.4960676512089858
117100049942446080,0.23110281203395167
0,0.0
648531746639314944,0.29368973512119895
963771419768913920,0.4229776208136312
941254796021596160,0.2211796820076383
0,0.0
117100049942446080,0.23110281203395167
936750784077365248,1.1241977021329477
0,0.0
0,0.0
585469738264559616,0.4754471247078901
454866654740873216,0.31353854579620666
432346182702858240,0.9995922086421042
0,0.0
662035329976369152,0.4246108142063742
454866654740873216,0.31353854579620666
0,0.0
0,0.0
459369292295569408,0.5002114610052433
589972650697162752,0.3477667210789439
27029981540384768,0.7129513912525876
0,0.0
216179241744596992,0.26209565249542005
585476747651186688,0.2891982307708676
459369292295569408,0.5002114610052433
0,0.0
558450889279406080,1.7908969685886456
589972650697162752,0.3477667210789439
585476747651186688,0.2891982307708676
0,0.0
229701448059846656,0.16053379001319315
752105260939476992,0.20540699026079906
837681625318817792,0.42934114641156856
0,0.0
549439979172921344,0.46344993338763146
229701448059846656,0.16053379001319315
495402143763660800,0.202592761930529
63064963312254976,0.4748305139415537
860190621204217856,0.4032725438968044
0,0.0
220679336678653952,0.753956997379824
495402143763660800,0.202592761930529
752105260939476992,0.20540699026079906
0,0.0
220679336678653952,0.753956997379824
666534325398798336,0.17242480805568552
0,0.0
864727274899898368,0.23217996103720925
0,0.0
571962100478377984,0.3207132976179815
864727274899898368,0.23217996103720925
558457074032312320,0.3067539557830673
0,0.0
0,0.0
0,0.0
364793631401312256,0.35065789203387393
571962100478377984,0.3207132976179815
797139126909403136,0.48055208090035784
4531774612832256,0.209289563940035
337775607049879552,0.3338418955985602
337775607049879552,0.3338418955985602
364793631401312256,0.35065789203387393
747604135213268992,0.5670744950766258
4531774612832256,0.209289563940035
797139126909403136,0.48055208090035784
0,0.0
0,0.0
860195156689682432,1.0603620733151293
495401937605230592,0.421886938840066
423338777289687040,0.4446907273987619
495401937605230592,0.421886938840066
445874711209967616,0.31336191752906095
445867426945433600,0.30757259275982307
0,0.0
0,0.0
639540009266839552,0.535770399134592
680052202387013632,0.20574498904714544
689055484631580672,0.16085154756656836
0,0.0
680052202387013632,0.20574498904714544
0,0.0
0,0.0
0,0.0
445857325182353408,1.1091820224760227
0,0.0
941259400226537472,0.45460362631637685
180153605821562880,0.2853805835809437
734095672793366528,0.16823790734980032
22528718375223296,0.20231221458006435
0,0.0
0,0.0
0,0.0
0,0.0
364807993771950080,0.24351294652440966
0,0.0
675543311359934464,2.137727542040847
0,0.0
968287801218957312,0.6865345145365963
495406198212788224,0.22338349443278033
391814885568151552,0.4598569778202784
675543311359934464,2.137727542040847
734091274746855424,0.6670249773149428
963771076171530240,0.40529194410449365
324261578352361472,0.3633114133770092
0,0.0
324261578352361472,0.3633114133770092
391814885568151552,0.4598569778202784
734091274746855424,0.6670249773149428
468376628989263872,1.132517786760985
0,0.0
639539940547362816,0.37505786674192026
936751471272132608,0.34892178315777306
734094504562262016,1.8162345352748364
0,0.0
734094504562262016,1.8162345352748364
4504080663707648,0.6408647145763292
0,0.0
878203095568351232,0.22348930540685832
4504080663707648,0.6408647145763292
0,0.0
702562229064564736,0.32322041780339306
878203095568351232,0.22348930540685832
734091206027378688,0.4039910189261637
0,0.0
445856431829155840,2.964831796217283
4515488096845824,0.5272916792072107
693558603222614016,0.25470281914499887
58547138753200128,0.2320007370444327
837676814955446272,2.4233739920905726
94575729613733888,0.4473319725602452
0,0.0
4515488096845824,0.5272916792072107
0,0.0
693558603222614016,0.25470281914499887
837676814955446272,2.4233739920905726
693556610357788672,0.31898507683745964
445863372496306176,0.4561207236130036
117095720615411712,0.5755863641903011
950265431250173952,0.20132159326163104
157628254700699648,0.4791714051620777
666535424910426112,0.4683601416897151
0,0.0
950265431250173952,0.20132159326163104
229686329774964736,0.229738497366027
864715730027806720,0.9206806983748492
157628254700699648,0.4791714051620777
0,0.0
0,0.0
49542825716482048,0.46318981868776005
229686329774964736,0.229738497366027
0,0.0
864715730027806720,0.9206806983748492
963771488488390656,0.27220189396108174
225181080880152576,0.506622572416587
0,0.0
954770199108648960,0.3919544724645963
734095604073889792,2.637864754019811
963771488488390656,0.27220189396108174
157628460859129856,0.4108901358879281
680046429950967808,0.47921741976059257
0,0.0
0,0.0
680046155073060864,0.19360252785890994
9010085472763904,0.4200684260569937
0,0.0
0,0.0
0,0.0
153126785377107968,0.32690362927474514
0,0.0
180144122533773312,0.6513775969290009
0,0.0
225189602095267840,1.0072742355734112
562959024392241152,0.2610551729366802
180144122533773312,0.6513775969290009
0,0.0
0,0.0
950266805639708672,0.38630656520437234
0,0.0
0,0.0
0,0.0
0,0.0
0,0.0
0,0.0
369299430051938304,0.666639888009261
747598431496699904,0.9493103399942507
0,0.0
0,0.0
0,0.0
346778545697062912,0.28504558196613045
0,0.0
22532360507490304,0.32448716762916835
0,0.0
22532360507490304,0.32448716762916835
0,0.0
540438071317889024,0.23558127971602497
0,0.0
58547207472676864,0.28948004273103184
801650010801307648,0.28604106752704234
495398432911917056,0.5611547771749356
558450408243068928,0.1923339445622899
306244843380670464,0.28779423694028344
0,0.0
0,0.0
364792531889684480,0.2504472499662157
558450408243068928,0.1923339445622899
153133107568967680,0.19836519017380544
923240534951067648,0.5193513614864315
0,0.0
0,0.0
202663014023823360,0.46912843639242335
180152231432028160,0.5839118634831459
954768206243823616,0.3781407116143936
0,0.0
0,0.0
166636484747591680,1.6334199055490906
954768206243823616,0.3781407116143936
662030863210381312,0.7373414834342362
662030863210381312,0.7373414834342362
0,0.0
0,0.0
684548998786187264,0.712179475375414
0,0.0
445863647374213120,0.347077679151224
0,0.0
0,0.0
382809060702945280,0.3914324409882247
0,0.0
0,0.0
117103417196806144,0.8917538407273613
18023125883027456,0.29651941512319224
0,0.0
454866723460349952,0.29824693642852396
0,0.0
0,0.0
0,0.0
0,0.0
0,0.0
797159948927643650,0.1909878892590051
810648894999363584,0.4230506982301294
571961482003087360,0.2685300877685776
468377659781414912,0.4905087471697115
0,0.0
90081200957292544,0.3728979297032903
139621071736274944,0.1695949664642203
797139264348356608,1.5482178372890554
0,0.0
711569222160875520,0.5361605114067988
797159948927643650,0.1909878892590051
0,0.0
571958252187680768,0.5036441728542086
0,0.0
396318004159184896,0.16072257691718392
747598362777223168,1.2517251771998517
0,0.0
860200997845204992,0.3509975674673544
684551816284733440,0.2183115723753553
662029901137707008,0.7418777917858169
0,0.0
117111045058723840,1.7944146276992394
139613718752264192,0.48491637827027456
851189400543952896,0.4393900394979386
747598362777223168,1.2517251771998517
0,0.0
0,0.0
671046652399714304,0.23390024368375162
139613718752264192,0.48491637827027456
90076596752351232,0.991910349596177
0,0.0
90076596752351232,0.991910349596177
671046652399714304,0.23390024368375162
346778476977586176,0.7327458540784519
0,0.0
0,0.0
0,0.0
0,0.0
950262338873720832,0.18837089967922327
558450820559929344,0.6137247277306334
63060702704697344,0.6580762053096586
0,0.0
734087976211972096,0.22093134887027688
0,0.0
801641764464099328,1.0932912268485464
0,0.0
0,0.0
0,0.0
454877031381860352,0.4960676512089858
117100049942446080,0.23110281203395167
941254796021596160,0.2211796820076383
0,0.0
648531746639314944,0.29368973512119895
968274881957330944,1.3227066294159866
963771419768913920,0.4229776208136312
0,0.0
454877031381860352,0.4960676512089858
936750784077365248,1.1241977021329477
0,0.0
454866654740873216,0.31353854579620666
585469738264559616,0.4754471247078901
0,0.0
432346182702858240,0.9995922086421042
662035329976369152,0.4246108142063742
0,0.0
589972650697162752,0.3477667210789439
27029981540384768,0.7129513912525876
0,0.0
0,0.0
0,0.0
0,0.0
0,0.0
585476747651186688,0.2891982307708676
0,0.0
558450889279406080,1.7908969685886456
216179241744596992,0.26209565249542005
589972650697162752,0.3477667210789439
0,0.0
63060565265743872,1.901719130392288
459369292295569408,0.5002114610052433
0,0.0
837681625318817792,0.42934114641156856
0,0.0
0,0.0
0,0.0
229701448059846656,0.16053379001319315
495402143763660800,0.202592761930529
0,0.0
0,0.0
549439979172921344,0.46344993338763146
837681625318817792,0.42934114641156856
752105260939476992,0.20540699026079906
860190621204217856,0.4032725438968044
63064963312254976,0.4748305139415537
220679336678653952,0.753956997379824
0,0.0
0,0.0
666534325398798336,0.17242480805568552
220679336678653952,0.753956997379824
0,0.0
666534325398798336,0.17242480805568552
0,0.0
864727274899898368,0.23217996103720925
0,0.0
864727274899898368,0.23217996103720925
558457074032312320,0.3067539557830673
0,0.0
0,0.0
797139126909403136,0.48055208090035784
571962100478377984,0.3207132976179815
337775607049879552,0.3338418955985602
4531774612832256,0.209289563940035
0,0.0
364793631401312256,0.35065789203387393
797139126909403136,0.48055208090035784
0,0.0
0,0.0
747604135213268992,0.5670744950766258
0,0.0
0,0.0
495401937605230592,0.421886938840066
860195156689682432,1.0603620733151293
445874711209967616,0.31336191752906095
445867426945433600,0.30757259275982307
423338777289687040,0.4446907273987619
689055484631580672,0.16085154756656836
495401937605230592,0.421886938840066
0,0.0
689055484631580672,0.16085154756656836
680052202387013632,0.20574498904714544
639540009266839552,0.535770399134592
0,0.0
0,0.0
0,0.0
0,0.0
0,0.0
445857325182353408,1.1091820224760227
180153605821562880,0.2853805835809437
941259400226537472,0.45460362631637685
22528718375223296,0.20231221458006435
364807993771950080,0.24351294652440966
0,0.0
0,0.0
734095672793366528,0.16823790734980032
0,0.0
364807993771950080,0.24351294652440966
734095672793366528,0.16823790734980032
22528718375223296,0.20231221458006435
734091274746855424,0.6670249773149428
324261578352361472,0.3633114133770092
675543311359934464,2.137727542040847
391814885568151552,0.4598569778202784
495406198212788224,0.22338349443278033
968287801218957312,0.6865345145365963
963771076171530240,0.40529194410449365
0,0.0
324261578352361472,0.3633114133770092
734091274746855424,0.6670249773149428
391814885568151552,0.4598569778202784
468376628989263872,1.132517786760985
0,0.0
936751471272132608,0.34892178315777306
639539940547362816,0.37505786674192026
0,0.0
0,0.0
734094504562262016,1.8162345352748364
878203095568351232,0.22348930540685832
4504080663707648,0.6408647145763292
0,0.0
0,0.0
702562229064564736,0.32322041780339306
0,0.0
734091206027378688,0.4039910189261637
4515488096845824,0.5272916792072107
445856431829155840,2.964831796217283
693558603222614016,0.25470281914499887
0,0.0
0,0.0
0,0.0
94575729613733888,0.4473319725602452
58547138753200128,0.2320007370444327
837676814955446272,2.4233739920905726
693558603222614016,0.25470281914499887
0,0.0
693556610357788672,0.31898507683745964
837676814955446272,2.4233739920905726
445863372496306176,0.4561207236130036
117095720615411712,0.5755863641903011
157628254700699648,0.4791714051620777
666535424910426112,0.4683601416897151
0,0.0
229686329774964736,0.229738497366027
864715730027806720,0.9206806983748492
950265431250173952,0.20132159326163104
0,0.0
0,0.0
864715730027806720,0.9206806983748492
0,0.0
49542825716482048,0.46318981868776005
963771488488390656,0.27220189396108174
225181080880152576,0.506622572416587
734095604073889792,2.637864754019811
954770199108648960,0.3919544724645963
0,0.0
0,0.0
680046429950967808,0.47921741976059257
157628460859129856,0.4108901358879281
680046155073060864,0.19360252785890994
0,0.0
0,0.0
680046155073060864,0.19360252785890994
9010085472763904,0.4200684260569937
0,0.0
0,0.0
153126785377107968,0.32690362927474514
562959024392241152,0.2610551729366802
0,0.0
225189602095267840,1.0072742355734112
562959024392241152,0.2610551729366802
180144122533773312,0.6513775969290009
0,0.0
0,0.0
0,0.0
950266805639708672,0.38630656520437234
0,0.0
0,0.0
0,0.0
0,0.0
0,0.0
0,0.0
369299430051938304,0.666639888009261
747598431496699904,0.9493103399942507
0,0.0
346778545697062912,0.28504558196613045
0,0.0
22532360507490304,0.32448716762916835
346778545697062912,0.28504558196613045
306244843380670464,0.28779423694028344
540438071317889024,0.23558127971602497
0,0.0
306244843380670464,0.28779423694028344
495398432911917056,0.5611547771749356
0,0.0
0,0.0
801650010801307648,0.28604106752704234
0,0.0
58547207472676864,0.28948004273103184
0,0.0
0,0.0
558450408243068928,0.1923339445622899
364792531889684480,0.2504472499662157
153133107568967680,0.19836519017380544
923240534951067648,0.5193513614864315
0,0.0
202663014023823360,0.46912843639242335
180152231432028160,0.5839118634831459
0,0.0
0,0.0
954768206243823616,0.3781407116143936
662030863210381312,0.7373414834342362
166636484747591680,1.6334199055490906
684548998786187264,0.712179475375414
445863647374213120,0.347077679151224
0,0.0
445863647374213120,0.347077679151224
382809060702945280,0.3914324409882247
0,0.0
18023125883027456,0.29651941512319224
117103417196806144,0.8917538407273613
0,0.0
0,0.0
0,0.0
454866723460349952,0.29824693642852396
0,0.0
571961482003087360,0.2685300877685776
0,0.0
797159948927643650,0.1909878892590051
90081200957292544,0.3728979297032903
571961482003087360,0.2685300877685776
139621071736274944,0.1695949664642203
810648894999363584,0.4230506982301294
468377659781414912,0.4905087471697115
711569222160875520,0.5361605114067988
0,0.0
797139264348356608,1.5482178372890554
0,0.0
0,0.0
0,0.0
0,0.0
797159948927643650,0.1909878892590051
571958252187680768,0.5036441728542086
684551816284733440,0.2183115723753553
860200997845204992,0.3509975674673544
662029901137707008,0.7418777917858169
0,0.0
396318004159184896,0.16072257691718392
747598362777223168,1.2517251771998517
0,0.0
0,0.0
139613718752264192,0.48491637827027456
747598362777223168,1.2517251771998517
117111045058723840,1.7944146276992394
851189400543952896,0.4393900394979386
0,0.0
90076596752351232,0.991910349596177
0,0.0
0,0.0
671046652399714304,0.23390024368375162
90076596752351232,0.991910349596177
346778476977586176,0.7327458540784519
0,0.0
0,0.0
0,0.0
63060702704697344,0.6580762053096586
558450820559929344,0.6137247277306334
0,0.0
801641764464099328,1.0932912268485464
950262338873720832,0.18837089967922327
0,0.0
0,0.0
0,0.0
454877031381860352,0.4960676512089858
734087976211972096,0.22093134887027688
0,0.0
963771419768913920,0.4229776208136312
0,0.0
968274881957330944,1.3227066294159866
648531746639314944,0.29368973512119895
0,0.0
941254796021596160,0.2211796820076383
117100049942446080,0.23110281203395167
0,0.0
936750784077365248,1.1241977021329477
0,0.0
0,0.0
0,0.0
0,0.0
585469738264559616,0.4754471247078901
454866654740873216,0.31353854579620666
0,0.0
432346182702858240,0.9995922086421042
662035329976369152,0.4246108142063742
589972650697162752,0.3477667210789439
27029981540384768,0.7129513912525876
558450889279406080,1.7908969685886456
459369292295569408,0.5002114610052433
63060565265743872,1.901719130392288
0,0.0
585476747651186688,0.2891982307708676
0,0.0
0,0.0
216179241744596992,0.26209565249542005
837681625318817792,0.42934114641156856
0,0.0
229701448059846656,0.16053379001319315
549439979172921344,0.46344993338763146
0,0.0
0,0.0
837681625318817792,0.42934114641156856
0,0.0
495402143763660800,0.202592761930529
860190621204217856,0.4032725438968044
220679336678653952,0.753956997379824
63064963312254976,0.4748305139415537
752105260939476992,0.20540699026079906
0,0.0
571958733240799233,0.3089716824954028
0,0.0
0,0.0
220679336678653952,0.753956997379824
0,0.0
666534325398798336,0.17242480805568552
0,0.0
864727274899898368,0.23217996103720925
571958733240799233,0.3089716824954028
0,0.0
558457074032312320,0.3067539557830673
0,0.0
797139126909403136,0.48055208090035784
571962100478377984,0.3207132976179815
0,0.0
337775607049879552,0.3338418955985602
0,0.0
4531774612832256,0.209289563940035
364793631401312256,0.35065789203387393
747604135213268992,0.5670744950766258
0,0.0
0,0.0
0,0.0
860195156689682432,1.0603620733151293
445867426945433600,0.30757259275982307
689055484631580672,0.16085154756656836
423338777289687040,0.4446907273987619
495401937605230592,0.421886938840066
445874711209967616,0.31336191752906095
0,0.0
639540009266839552,0.535770399134592
680052202387013632,0.20574498904714544
0,0.0
0,0.0
0,0.0
0,0.0
0,0.0
0,0.0
445857325182353408,1.1091820224760227
0,0.0
0,0.0
0,0.0
0,0.0
364807993771950080,0.24351294652440966
941259400226537472,0.45460362631637685
180153605821562880,0.2853805835809437
0,0.0
22528718375223296,0.20231221458006435
0,0.0
734095672793366528,0.16823790734980032
0,0.0
391814885568151552,0.4598569778202784
675543311359934464,2.137727542040847
968287801218957312,0.6865345145365963
324261578352361472,0.3633114133770092
963771076171530240,0.40529194410449365
734091274746855424,0.6670249773149428
495406198212788224,0.22338349443278033
0,0.0
873701901122666496,0.29515126202677844
0,0.0
468376628989263872,1.132517786760985
495406198212788224,0.22338349443278033
391814885568151552,0.4598569778202784
639539940547362816,0.37505786674192026
936751471272132608,0.34892178315777306
734094504562262016,1.8162345352748364
0,0.0
878203095568351232,0.22348930540685832
0,0.0
4504080663707648,0.6408647145763292
0,0.0
0,0.0
0,0.0
0,0.0
702562229064564736,0.32322041780339306
0,0.0
445856431829155840,2.964831796217283
702562229064564736,0.32322041780339306
4515488096845824,0.5272916792072107
734091206027378688,0.4039910189261637
0,0.0
0,0.0
58547138753200128,0.2320007370444327
94575729613733888,0.4473319725602452
837676814955446272,2.4233739920905726
0,0.0
693556610357788672,0.31898507683745964
693558603222614016,0.25470281914499887
0,0.0
837676814955446272,2.4233739920905726
58547138753200128,0.2320007370444327
